Protein_ID,Sequence,Class
26325086dbjBAC26297.1unnamedproteinproduct[Musmusculus],MAAAVAAAAAAAAAAASFQVLEMESMETAVAGSASLAAEVRGSGTVDFVTGAGISTLVDTGGSDPGPEAEDFECSTHCSELSWRQNEQRRQGLFCDITLCFGGAGGREFRAHRSVLAAATEYFTPLLSGQFSESRSGRVEMRKWSSEPGPEPDTVEAVIEYMYTGRIRVSTGSVHEVLELADRFLLIRLKEFCGEFLKKKLHLSNCVAIHSLAHMYTLSQLALKAADMIRRNFYKVIQDEEFYTLPFHLIRDWLSDLEITVDSEEVLFETVLKWVQRNAEERERYFEELFKLLRLSQMKPTYLTRHVKPERLVANNEVCVKLVAEAVERHALRAENIQSGTLQQPTSQVSLLPRYGQNMDVIMVIGGVSEGGDYLSECVGYFVDEDRWVNLPHIHNHLDGHAVAITESYVYVAGSMEPGFAKTVERYNPNLNTWEHVCSLMTRKHSFGLTEVKGKLYSIGGHGNFSPGFKDVTVYNPELDKWHNLESAPKILRDVKALAIEDRFVYIAARTPVDRDTEDGLKAVITCYDTETRQWQDVESLPLIDNYCFFQMSVVNSNFYQTASCCPKSYSLENEEAVRKIAGQVSDEILESLPPEVLSIEGAAICYYRDDVFIIGGWKNSDDIDKQYRKEAYRYCAERKRWMLLPPMPQPRCRATACHVRIPYRYLHGTQRYPMPQNLMWQKDRIRQMQEIHRHALNMRRVPSSQIEC,AFP
26344193dbjBAC35753.1unnamedproteinproduct[Musmusculus],MNSMDRHIQQTNDRLQCIKQHLQNPANFHNAATELLDWCGDPRAFQRPFEQSLMGCLTVVSRVAAQQGFDLDLGYRLLAVCAANRDKFTPKSAALLSSWCEELGRLLLLRHQKSRQNDPPGKLPMQPPLSSMSSMKPTLSHSDGSFPYDSVPWQQNTNQPPGSLSVVTTVWGVTNTSQSQVLGNPMANANNPMNPGGNPMASGMSTSNPGINSPQFAGQQQQFSTKAGPAQPYIQPNMYGRPGYPGSGGFGASYPGGPSAPAGMGIPPHTRPPADFTQPAAAAAAAAVAAAAATATATATATVAALQETQNKDINQYGPVCSSFQMGPTQAYNSQFMNQPGPRGPASMGAA,AFP
74221639dbjBAE21521.1unnamedproteinproduct[Musmusculus],MLASHMMYAASYVTYGTSKYYHGALHSVTLMQTENPSSSSGTPQILQRGQGGMAQSVSCLSLSLACMVVRSCNPSLACMVVRSCNPSLACMMVRSCNPSLACMVVRSCNPSLACMVVRSCNPSLACMVVRSCNPRLACMMVRSCNPSLACMVVRSCNPSLACMVVRSCNPSLACMVVRSCNPSLACMVVRSCNPSLACMVVRSCNPSLACMVVHSCNPSTGEAEPGEPGA,AFP
12843602dbjBAB26045.1unnamedproteinproduct[Musmusculus],MEALRRANRGYAAAAAVPALGLGRRLPPEAPRLGGADAAPAAAAAAALDFLLRALQCGPQRPVRPVALQLAGAGRQLPRPAHRLLPLHQVPLLQGALAGPGPAGPLLHRAQGHQPGYSNFIIWTWLLVICQSHRDCSYQLRTNNNLFSK,AFP
257049854gbACV39038.1hypotheticalproteinLebu_1142[LeptotrichiabuccalisC-1013-b],MNLESIQEKLFERKLDLIEYFKAAFDIYKEFLKNNKLLVFSTCLLLMLITSLDIFNKYLMALVVKYREVKIAFLVMMLLILELILSVGHSFLIGYYFKKIVMGIEGTENSFEFKKFFLKMLKFIGIQYCLVTFFLVVSLELNLLHLNFIDLMLKIVLIAMFFKYFLYFETYYVRDFKIMDSIEYSHQLSKANRLRKIIPEVIFILISIVFVFIISLGISKIFGINYQIEIITTVTSIIGFVFWAIYFQVLSISIFLNVEYDYLKNQEEKNINSDSNLDMESETIDCKNEENDN,AFP
30249105refNP_841175.1TypeIantifreezeprotein:hemolysinD[NitrosomonaseuropaeaATCC19718],MNKRVKPVLTYLLAALVIITIIVAWRVLRPAGLPAGIVAGNGRIEATEIDIATRAPGRIIEILAREGDFVQADRVLARMDTQVLRAQQIEAEAQVRRAEHAHQTAQSIVIQRQSEQTAARAVVAQRQAELDAARKRLQRTQMLAGEGASAQQELDDDQARVLSAQAAVSAAQAQVAAANASIEAAKSQVIESQSVIVAAQATVARLQADIDDSELRAPRDGRVQYRVAEPGEVLGVGGRVLSMVDLSDVYMTFFLPAEAAGKVALGSDIHIVLDAAPGYVIPAKASFVASVAQFTPKTVETESERLKLMFRVRARIDPELLKQHLEQVKTGLPGMAYVKLDPAAVWPAELEVRLPQ,AFP
226941159refYP_002796233.1TypeIantifreezeprotein:HlyDfamilysecretionprotein[LaribacterhongkongensisHLHK9],MMKPEIRRWLVRGLAVAGVVLVALLVWKLVYSGGEDGRFARGNGRIEATEVDVAAKSGGRVAEILVNEGDFVQAGQLVARMDQASLAAQLTQAQAQLANALSSRETMLAQVAQREADVVMAEAVLVQRRAELDVSGKTHARSKALLADRATSAQQVDDDAARLRNAEANVAVAKAQIAAARAALQAARAQVVQAQAGIDAAEAVVKRLEIDLADGDLHAPRAGRVQYRIVQPGEVIAGGGKVVSLVDIADVYMTFFLPEQAAGKVGLGSDVHIVLDAAPQYVLPARVSYVASVAQFTPKSVETQDERQKMVFRVKARLDPALLKKYAEHVKTGLPGMAYVRLDPAAAWPAKLEVQLP,AFP
126464034refYP_001045147.1antifreezeproteintypeI[RhodobactersphaeroidesATCC17029],MTIDLRKTAIAALAALSLVPAAAAPAHALGKKDKAFIAGAATAAVAGVVMQNMRANGQWPFGQQQPRYAAPPAQPQYYVQPRATYATTAPRQVTYQPRYVAPSVHSTPAAQAFRELSPQMRREVQISLARYGYYSGSIDGAWGPGTSAAVDAYARDSGRIGQLGSVAGAYGVMDSLGG,AFP
45435722gbAAS61280.1conservedhypotheticalprotein[YersiniapestisbiovarMicrotusstr.91001],MNSNFRRHLVGLSLLVGVAVPWAATAQAPISNVGSGSVEDRVTQLERISNAHSQLLTQLQQQLSDSQRDVDSLRGQIQESQYQLNQVVERQKQIYQQMESLSGGQGAQNSASAASGATADNTAAGSSGNADAGAAASTAAPAASTGDENSDYNVAVSLALEKKQYDQAITAFQSFVKQYPKSTYQPNANYWLGQLYYNKGKKDDAAYYYAVVVKNYPKSPKSSEAMFKVGVIMQDKGQSDKAKAVYQQVIKQYPNTDAAKQAQKRLSAL,AFP
281341260gbEFB16844.1hypotheticalproteinPANDA_002918partial[Ailuropodamelanoleuca],MPLELELCPGRWVGGQHPCFIIAEIGQNHQGDLEVAKRMIRTAKECGADCAKFQKSELEYKFNRKALERPYTSKHSWGKTYGEHKRHLEFSHAQYRELQKYAQEVGIFFTASGMDEMAVEFLHELNVPFFKVGSGDTNNFPYLEKTAKKGRPMVISSGMQSMDTMKQVYQIVKPLNPNFCFLQCTSAYPLPPEDVNLRVIAEYQKLFPDIPIGYSGHETGIAISVAAVALGAKVLERHITLDKTWKGSDHSASLEPAELAELVRSVRLVERAMGSPTKQLLPCEIACNAKLGKSVVAKVKIPEGTVLTLDMLTVKVGEPKGYPPEDIFNLVGKKVLVTVEEDDTIMEESVENHGKKIKS,AFP
2315605gbAAB66067.1HypotheticalproteinD2062.6[Caenorhabditiselegans],MRRQTTAIFVLLGLLAVFVVQGSTEDTGSTPTADNAPAASNGTAAPLSTANETSADPAGTPEQAAEATVSSFTSIHSIFAASAVVLAHAL,AFP
260817607refXP_002603677.1hypotheticalproteinBRAFLDRAFT_115797[Branchiostomafloridae],MPLEFELAPGRMIGGNHPCFIIAEIGQNHQGDLEIAKQMIKKCKEAGADCAKFQKSELDHKFNKAALARPYTSKHSWGATYGEHKRHLEFSHEQYRELKRYSEEIGIIFAASGMDEAAVEFLHELDVHFFKVGSGDTNNLPYLETTAKKGRPMLISSGMQTLDTMRKVYNTVKPINPNFLFMQCTSAYPLNPEDVHLRCIQTYQKEFPDIPIGYSGHESGIAISLAAIALGAKVIERHVTLDKTWKGSDHAASLDFDELAELVKKVRVVEMAMGSFVKDMRPCEIACHDKLGKSVVAKQDIPAGTALTMEMMTVKVAEPKGFPPENIYQLVGKKLKRALECDETVAGDDVE,AFP
26388908dbjBAC25654.1unnamedproteinproductpartial[Musmusculus],SSSGLPGHQACSSSRVPSGRSPRSGADVGRAGSSAAGRLLTATPAGRDSGAPGHGLRHLRSRHSPGRAARAAARDAAHDTQPCGALASRHASPHARPRLRG,AFP
26348120dbjBAC25119.1unnamedproteinproduct[Musmusculus],MAQVAKKVHGSRAAAAAAAAAAKAKRSKPKTAAKRFKLNKKRNPRSKLPKRSHRSLIRSLFQSRSCGCCRCCCGFCCYRSRPSRGRITFKFFQITKKGEQST,AFP
26333557dbjBAC30496.1unnamedproteinproduct[Musmusculus],MQLLSLVQHGQGARKASKHAKATVATATTTAPPPPPTAPPVASQAAATAPPPPPDYHHHHQQHRLTSNDNGGINREQPPASTPGDQRNSALLATLQARTNENTYAF,AFP
26332695dbjBAC30065.1unnamedproteinproduct[Musmusculus],MSAGSATHPAAGGRRSKWDQPAPAPLLFLPPTAPGGEVAGSGASPGGATTAAAPSGALDAAAAVAAKINAMLMAKGKLKPSQNAAEKVLRALDALRFGIFFFLPFLHLSVAWSLGLMKMKPVRVKITFGSI,AFP
