Sequence,Class
FMLTTRMYGIVRHTYCPDRNRAQGWLLQTAFY,AFP
SCMFAWLEEGQTVQYYWCGNALILRDSCWEW,AFP
VVVKAICNWAMQEIFDDVFIAGNLAPCHVSWRCGVFPWAADTTGCYQCERMN,AFP
KCHMPHGYRTLLRPAYALACSYFLKFDVCWFWTWWWPHREYRVVTYVRGCTYCNRHKKH,AFP
VEAGLQYDSNRETKYWVGCQLCTYMHCGYQWPVMWAAHECSPKNIWEWTVYPACWRQKDKCIFVKHGGWPG,AFP
PHQVFAEGYKSSCACYLDGQTNKSIEPADWPTGCPRWYSLGRLMSSECHPGYSKVRGCIRTVVVFNFSWGHFCEMCTTRARF,AFP
RLDVRFWMAIFYPDPPMVTISDATKEEHVEGCYEYENWSHWITWESCATFACFVITCRLSAVTKAVWWNAITVDLHGMWEMRKWKLQMPPAYESKTMHCPYEHVVSGIDLRKYWVCLVWIFLRAH,AFP
EHWLEVHYLRLWNYKEKANNKYTTCNMLKAD,AFP
FTINVSFIQDKYVQYEYNLQSFHEER,AFP
MKGMPRAQVHDQFPDQYAGCGTDWFCELVDMVSNFLLKPCALRAWLDCY,AFP
WEDFYIDNSLCRKQEDIWPNEQSQLPFEPKVLWFHDFSCVIHCV,AFP
KTWDTCWQVQEIHMNHPTRQWGYEFWPNGLAFRSADKRSQEVKCCEWSCAR,AFP
CWVDFKTLVKKKVFHIKPPLFIRHHWAMDTLK,AFP
SLTNGGLETTREETAWLNHYPVKSEHMLGFELCWTCQMMSTWVYYLDSVPHRFYALLYWLACY,AFP
ARYFGVMNAPLFERDSHYNENNPCYQVSTKFFMYVGPNHG,AFP
CSLSTPSKHDKGPLQGHEGKEVTQLRQLNHNAYYLSTRTDRCALFQKQ,AFP
LQDRATFAVPPEHSLEQVNSFQWCDFVFAMNHPMQF,AFP
QFTFWVQFWDSEDRWDGPMIFSCNCCLHPCMAFQD,AFP
LYSCHQGTPANHIIKLPRSYEFDAENMG,AFP
HFAMETSLWAPQGGWVLQAKAYSGVCTVYEEAAPINNLQD,AFP
RPINKTWWTTRENTIKGREDVTMTRWSLRAFF,AFP
FHWYAKKWDDSNTNAAPEYATPMCTCIYYYLETDFFAKLHQRHSWCD,AFP
CHLEQSQKSAKKDSPHQVQMKAAISNTCQQSDCFPFEMENPTRQPYDPGQCWMWFV,AFP
SWLTAKLTGLIVDATAFSLRFGVVCCMWDVRVTGYQNTRYCFNYGRDFNPLYRPA,AFP
THPSELNTGGKGMTKQHPCIWPIWCVLNSRPTRTQHELEDFFQDMILLSSSLILCTRHRPGLLQGDYRK,AFP
HKKRSEEYFRWVKTTKQHAFAMLVGELWMFW,AFP
ICVEMAPFYVFFWIIHCMYMWSVLL,AFP
YILRHWLMESNADYYWESNRLDCRRANLAKCCGNMKRVMACWVRC,AFP
IYICCTQILDCGCDSPQEIYWCEPKKFQGSQQGA,AFP
HNGGRLNSEPRRRGICMYFHQVNWPDAY,AFP
LRSRCDGYGKKPTGFRYVYSHIKAIIQRSWLTFGD,AFP
QSQGQLKCAMLVESPKKFWSYMCEPRQHYCFKTDTCVVWRSNKEHDVDHWNACYEDKFDKQSFFQLR,AFP
AWATVWACHYEYFHIIFSCDNCDSIQ,AFP
SSESHLPSMQCMRHSEDVDWKSLMIFSMAWNELWALQIKVLFPCFARHVRPVKC,AFP
DEKYPDTIQTLMHQIKNDCCMMFGHN,AFP
KAFRYARQFIFCQSFMDRLGHFVKDLGGFFAHFH,AFP
NPALSTNDANAMMHPSFVQIATMPTHQRY,AFP
YDLEVAAVTKSYLGINYEKPAFKVTWQLGDNDDEWLICEQGSAW,AFP
TGTFSNQRKTQHLMAPWPMWALREFDQEPSFSAWMGNACHQRVNNQWQTGTNLHSIMSNECFEIDFGDMRDMVAW,AFP
AHQYKRMKFRWQRLHTHTYYMDREYDQMNDVRDGVPQNVKRDANTELKIGWYNMWVKFIEREQFCR,AFP
YQCSSTATWDIHRLEWHTYGQMRNS,AFP
DRFQFNKLGYFEAKINHFCRVNCSLFYDGYEAHDNDGYLYYRVFPGGREAEEMSHWGDGASHDA,AFP
KINLDMLDSPGKAIHIEMECWGSLHLN,AFP
NHAFNDWHCTPTREDYDAHWRWRIYCHDIDVENHAFVKWKWEVMSYMPHTLSV,AFP
NFSTMIFKVQPTIQWKFCMLCFFWYYQNENHKWDEWAGEYIFEQFSD,AFP
KIFWAFGNHHYQADHWAIQRPGDISQATRCVGKQNSEIEMCMWMWINMWKNPYRTDHT,AFP
FAAVHITEGLENGVWWHQHQCYSNKFTNC,AFP
KRPTFYTMKWTQSWKYGPDYWQYQDTRECLM,AFP
ETACTKWTDDYVKVRTFSTARYKAESSTGPLHVKFITKMQDKMNTDHGVL,AFP
YVNYALHEINDYPYRTLRHQFVLWCISTVMQVDTQQLYHYNQAVKQKLEEGLMTRFCCQNPHLNFVPYNFDKTCNAL,AFP
QQWEPWFMRLPQKCRFCGFQVTCNWFMNCTTVCE,AFP
VGIEFQSMDWINEPEYPYQRHDFGTQPDVPIWFWY,AFP
NVWPIYIMAWCDNWGHGKTKQAGLIVWACLNRDSMKEEWTGTYSWYRNLREAMNSEFRNVIPPLFCRVIRGADGCARIFHNTQNYVLCYRSPLFQPYCSNGWHMAT,AFP
SSRMKKSEDSFCRGMNPFHCYQKMVAPSSVPTISVSFRMMNICWLFDADFRAPFAHNRFIIVHKRFTTMHGTQ,AFP
LKVNPGGEFGKCQRWLSAITLDNSFKSPIGAGPTNVKSDFIHMWAFQHYQMSEFTTIMFLNAKEMYHEHFCTMWQHTSDSYPMTHWDR,AFP
QPQEKHKIQPLMEIYRQRPWCMFKSQSSYQTCSMIYKCYTV,AFP
DVWWHSNDGVEINTDWGFSILKSIAAYYWYK,AFP
HNGHRVRLLSMILLNINTLYVCTYDCPRPATQFNYIFGMGGVFSA,AFP
KHIDAMYAKQRSTQAFCVTHIQKFYTHVIDCVTC,AFP
ESAARVNQWNVVWFQVQMFRCLHVTKQTMM,AFP
NCSGYGEIDFRTPENEVMVGMRYWYKCNQ,AFP
RFWVKLFQIFRPALWIWFWALQYHYLWMILQFNAVRDKNKL,AFP
ACLGRSSQDEGWAHHACYVVTNQDEQKAKNAWNPCMDFMKWNMYVHDWIFRGLYIDLGMYKKWQKSKHTYLFKMWMCVDVCSPDVWNKPIIYHWEEDCSVKSRHKNIAKHKAVQLALNTKVEFCQPRNRADIHIQHHNYMTMMCSIMGTNASNRGASFRQMHVHKQVCEHSCTWQSYHKLHAPNWAW,AFP
NIPTMNDHHWCMPQHIPFPADQKDNPYAAPAAIDHDRHCFGAQC,AFP
PYDKDREWKHKRQNIEGGHFLANQTENSAMEEDYCDIHPVACYKVLTKFG,AFP
AQHPCRVILKLSNCLWMIPMDYHGYVPANFYAKAHERKH,AFP
GIFRHGTKYRMGQTCFWHPVAHPRQNWFHYIDYYVFDNWADECPHCQFDSAPHIGRVDIDDYETRGGYQIMQIGAVYNVGEFFRF,AFP
ILMHRAEKDQCSTGFEMKTKKMKSCNQ,AFP
EQYQSRLFKATPYFQHNYPNAVDFKRLAQGPPWCNQEMLHTADICTVTIKIITVSERYCT,AFP
CNACMFMKYYDDQHLQKQKATFMDSYHSIIRCKRLQQPHYHDPEKDYVN,AFP
YMFPTGWDALDCYPSFVVPRSLHMMEANQQFGGLNVGAKPNMPYNSINP,AFP
WECGDKFNDSHGWYDIRDIFVPEAAYTMN,AFP
YWQKKGQIHHDPAALQTTCIERNWVAACPMQFFMPIIHSFEPMEYYERSYACNATACDLKHD,AFP
WTYYICRTWSLMNAYWRSEKIIGRQGTKQPSQEVP,AFP
YKAPICADMGKPSHAEVLQALGNVM,AFP
ARQQNTHDDMVPLQWIKRFCLQCHWFQH,AFP
DQWAGMFAYRFGWRISDSLTYICAMEYLAM,AFP
RCEMSYVPRKCPGWFWEPSVKMRHPAEFLIRLCF,AFP
GWACEPGECSFQSRQGQWCPNQMCDFSSTLSPQYDKVFNPYIP,AFP
KYDNGEPTFCHALTCPMSSMRYSCDF,AFP
DINHNFRIACNWKHETAERVIAIVYAINTARQGVMRNAKIYLCNDLTGNL,AFP
FFSGGYRAFAFHWMMREVENGDQHVDWWIIKRITTGEHFKDRSHEDQCQDNWRKDQW,AFP
RINRGVKDAIQCDPINFSYKFPKMTQWNEKHYNSKSIALVVG,AFP
RHSPYLMFTFSQNIAVPRAETRVCVSHMLKFRYYIY,AFP
NMTAQQYKNGRMGHTYPLCDMALGETGTCLAFKWAMTRKNQFEWILMGIMRFIYA,AFP
LSPAIVCQLVPWSMHGLCCTVHLWMGSENNMRVDEGVMLICCIQWFPVKCPDHQVIFTGMWSMMTGFTKRLSYRVNEVSNKKSFDCGQKYDYKQNDTVETVDSIWFIAFILLWVDGYKFAQYQKYDQAIGD,AFP
RVKWMMYTIKAHHGDALPIALETCDTCMTQRAG,AFP
TMPNEFFFPVCPKQPKYDNQKTMWMVSKRHPYPMKIPTFHPEKVQVALQMN,AFP
FYAQDIHANGDHEMCMERSCSFDSVCSFNHLNMRGVNTSNYKIASMRVGERIMVWLPYYNNFDHSEHDPHQTQGHTRWVLYMENFTQAKGR,AFP
DYWAPKHKQCWVTCCWCYEGACHNAWAQMKFRAEP,AFP
HSVYDCMNWHEPQHEVVCSRDIWHYARWQDRAVLMACVTVTYRVKN,AFP
GWHWNVLIEWIYMQYTRRDCCIAWHHKYGWRVADVRAFPRSHDITPENADNSQLYGRNKPLVEDSHMCKRGDFFIEKKPCALVKSWKKGAKSNCEVVPYR,AFP
FKQVHIKQYPQKTGCLWVAPWAKPVI,AFP
PSEQIDSYSTRTRFMPNPNTFSGETQMFMD,AFP
YGALYTSTFCTQEGMAKVVFHGRIVYTRDLEVKDRQASPVHTGKYVVTQ,AFP
NFASTAYTACAHHCWCFEYKANNEEKKLNLFAFKEVPE,AFP
SGHFFIQKMWMDQYNIQNFSPLPSLDH,AFP
TEWKKPFASMIYPEILWPKAEYCQCEPANVIMYHVFMIKLRNGICGCRTCRMNEQVEQCDINRNG,AFP
HSHMPFAWKSSDRVKETSCEKHCMAMYPMMDDIYARIQPFLNAQYDACLRMNTKDIIDSEDRWSSKEMLILWQGDMVLISVF,AFP
DNCPDVPIYPCDHSEKVKNIKMNNVTLKPEIVG,AFP
KELSTNLNMLKHQTQDACYTQVVWNQIL,AFP
KNLRYSWMRYHYAQFVWKLWAHFVFSDRTAVHDCMRGTFVR,AFP
AEINMSFFNFDWIQPTIREWDGMTT,AFP
SGAAFNDFVYIYEWIWNEMLKTMWQTRCKVIDVWRA,AFP
QPVMDFHMAFYHLWEYLVKVAKYDLRKNNGQAQWVMESCKQGEVKERPGWGLFLLNRPPNQVKIIFGIYKVAGYLSEKDSWLMVA,AFP
DWDPVITVHVYTETHQNLQALQQSCVCTQHYYIENV,AFP
SAVLWTSFAMFNNCPYKKGAVKEDCMTERTD,AFP
ECYQQQITVAVAFPWKMHLAAKFGFAFMCRTQR,AFP
VNHHQYLSYVAYNHETTTHKYYCVLPTDQYPYMMYVG,AFP
WYCRVHWNIMEFYRFLIDFHGAPFYRCWSYTKAAKFQWKYYWIVRELDNMC,AFP
EEKQGCKGIKWPMDFIPQMRHVCLPPDQGFNRIDLVHYYGLGY,AFP
NGRDAWTQAYADFLNAASREVYFETVKY,AFP
PFSSADWIYALFNCPNPFDFNSFVDGTEIVWRLVTMLKSLLSVKSSTEAPQEGVRGFYNKCYLTNVLIAGTDDMRSRGICEGTDIYHCHFHMIHDQEVDVDDPGPCANACCNPTLCKQ,AFP
PAWEFENTCDNISLDVREHPKNFQRTWRVPQHIADTNPQQA,AFP
LFLSMLIVNMEQGVGFQEMWMKWCKPGANFCPQTQHHGIWMTHN,AFP
KCLENTVERCVHRFVMQVIQMNHMINVCPGHKVTVFSNELMIDHEAMGTHSWVHHQCMPRWENVGFRKSWCDEKVGMIRSGWFAAMFYSALFDPDRRREGQPFDEAYGTYIFVGEKDSSWHAQNVVYMARCWYQY,AFP
NRLAIRGPMSTFPGQHNWEKRYLYYWPTCEQFHYCKV,AFP
APPTHHYWRGWDGGEHVLLNKENGISRTQKR,AFP
RGLWAHHRDVFTNILNPFSYYDLWECIDIKFRILGCAGSNR,AFP
GWFTQSFIVGCCASITFSTNFMWGNGECVMWAIQFSHSHIDYFNFVTG,AFP
HDYPQGTKVGCKEYWHGIWVKFANTEAKEAVGWM,AFP
EMMHNNTFLIFPGDVRKECPSQTLWLKFAEERHRVPHDLAHA,AFP
WWVSGSTRIIGRNQRDHYGMHLVPGWKPF,AFP
ACSDSFQRSIEMMTQIWQDTQLTNAENFSIQCGMEVIHTVVGWCWECKNDIKFS,AFP
PMTMVGTWSAEPVAVPLYHHPWDRCCRRCNHQLFSNITACLQDSAWFLYNRNWCYQYEQYCMHTEDYNWVMWYIRAQAQKMPIMQ,AFP
CLMAQNNGRPRGNHDWVVSSFRHSGLQYLVLCRVPREPTFAQRIFEPKSPKFEEHAYQYEMNCFKAEYTSEVCWWPKG,AFP
TWMWWMRRRIRDFSNAAHRKYKDHSPHETIFFVLCNSYIWHQHQVYVDEQQCHLPFQSQACWNCVWTGF,AFP
LPDNLVLTSVRMYERCYQFWITLHPINHVMCFPWTDWALLFIRMFLE,AFP
RFSHVKYGTPNEWGVNAGWDHTQMQCSMPEKL,AFP
GRWDRSADQHYDSRGIFCEIPHAQWFCYWTWQR,AFP
LHKLHNMAWWKRNRMWMARMHLFPKVMMSRTQFYTTW,AFP
KFWFFSDIFRDCFETWYCPGVIQQQ,AFP
VIGYVNIQEMNDCPVNTTYKKWWAAPGLSKMQLVEVRHRITKA,AFP
WIYVWVIFDRVNWHTTAYKCWFCHVAT,AFP
QQDAEEWLMWLYCHVLFDPSGILNN,AFP
THMKILTYNDLVSWQGEDGHDLSVQGRPWCGTYAWAMGESAAVAQCSVR,AFP
VATVTGDAYSSYHLSQWWYPDGKDAMKYSMYIGDELTQE,AFP
PKCMCKAQTWRCCLSVDPNDMRERNLKIELMF,AFP
SLTQAGMETDYKHQAAPPIAASQTPDNTHQGAHCGWV,AFP
CYQDPRNYNVNKDICHAHIETRYLYEKHVKNSNQS,AFP
KFCNNIRCWYKLMAHLKRDIMAPIRKDRSFQSLREERPVAACRMHPQNVPEYPEIHAGVCT,AFP
AGRVQFDQMCESGNVYALQIYPHAIIRVVEQWHC,AFP
FDRLDGAYFMCYMGNMEADVTQASHLGWRFKICICMANRRGDQHNVM,AFP
CWWLEAPAGYWERWSREGYPFQLYPHWRPCWTRAQVQ,AFP
EICGKPLKWQLNNTWNYSCLTANLD,AFP
KQPYLNMFFHKWTPIWSEATWSCYIGIQHKV,AFP
NEIFKYCIWYPSEGNCCYSPQILDARPGAGAADCWPL,AFP
VKTLIGNYERSAVINGNQIRGRSDFGPVPTIRNMLHCQAYRFLCFAGGN,AFP
CYKSCFWPKISHYHFCENSLNSCAWPCYRQDWCPVIFCMTNAEVQYDEASQMKSAMFGYWRY,AFP
QYSVDHSLDNYANMMPWCSTEGPAMNDKDGHLVH,AFP
SSRSPHNDTWLGGESQFQIMMAIIKWNKLSMQPE,AFP
FYFVADLRALLYDFRAIDLWEPVEWKLTLK,AFP
DQSEAVYKIEYWARRMKATFCWGLPACTCADIWMGQC,AFP
NTLCSFEEGEDDKKTRAWQMICEFKRRFGIHGGIR,AFP
TIYIPSEEKKKQSWIRNFTHVDTYDCLL,AFP
KGQTMAFQSFDVHFQETPAKTDVHFNSMNALPHWEEGFWTHFHSSKKWLSGKIFSMLRNISQFLCGYT,AFP
LKTETTVDLYGSTAEQLQKHIACEFR,AFP
EIEFWHTEQNTHPYCQIPLCFQNIESQQ,AFP
TIEIQPIYHDIKMWDQKKNARMGWKKANAMHSCLQWWIKPD,AFP
RCVICAGRTRGHDQSHHRRALEKVVE,AFP
GKTSIIWGIELYNSRWVDPPIYYMLNNAEMKDAFCGQWFGWPTSYESQ,AFP
LASSPNGSGMIHWCTCELAFLELPMAYKYDAQWWLEECVWHIVMKYAKHHWKTQDHRQA,AFP
LCPFYWTTGFMHWGPYEMATATDMMAARMTEHDTGQIM,AFP
SFNDWEQCVACSQAYVCVHFSQEMMACKDYRQKMMYIPYPQLGMRPWWIWEYWCHRSVCVEPGMA,AFP
LWVTFKGYIWPDHMQISVCTFMQDRVTQ,AFP
ILAVALNMRTITFQYQSQNALPEEDM,AFP
RGYVTMIAYGWTDFKAPHGSDTNFQIDLSYWTGIDMVAMWLFFLDAWNFYW,AFP
LDNECYIWWTHIQKRTAHLPEAQKA,AFP
SKMEQIRNELEPQGRLNDCAIQMFPDF,AFP
YENYAEFDGLFSWWWNHFNKYWIRS,AFP
YNHTTSQPWFHMLLGLQRYWIICVNTACTWRAKPGTAYWVM,AFP
CLVCWNMYHNSTQPFPYLIQTHMMIWYACADMFIHIFLWLWREDMEPSKYEIPGVWR,AFP
YPISYMINQTSPTKRPAWQSQRCMPACYDN,AFP
WVNMYLITGLSEEWANHGHTSETPESSKKHANTDSHVEVMSLCDPWLMTVESD,AFP
MNRFVIMHADWHNHCCGEPPKLCHAFSGGWQYWYSATYSHHCAAS,AFP
HAFRVHMPSIRAHTTCKNQQPFHCG,AFP
KIIMQHSMEFHPICNQRCQAYNLCHKTCGSDGKDHAILALCWRASVQDRMLT,AFP
FARHQKYATHSHVRNPFAQNSTNHYDFC,AFP
PIHIDIQDTKWMISFCRMSEPYNQTPIREFYCRAGRCGLVMGHNR,AFP
AHTMAIQLKWLCVLTEIKHMRAQPSQRQMCPFNGV,AFP
MKHQLWTDGIALHYSEYLLMAEFFPHQFYYFKNRKAITYRHHYAC,AFP
DWRLPSRKELQDSYMHECCDFTQEQWTPEMKPGFGWVAIGAMWLCCERFKCWLFNWGAE,AFP
PEWGHAVQDYFRVYFNCDCPYSTKQNRRVTPHMPDRCCSVQWTHVVDK,AFP
QPPGYNMVFWMYPTEKVLKPKHEEHIMIYTHLY,AFP
LASWEDTHRFDPPPYQVMCVFNDHCENFPWHWQGDCENPCLNLN,AFP
FYPMDFHWKIDMRWMNCCRVDIGYELSWWWIRQACEAKCSCQHHIMEMFWWIVMKYVRWHQGVHESTKGMQYQQNLIRW,AFP
VSFTSYSVGELKAYYRAFYVYFESSKDMNDNPGNSTDNAWNACEMMEFTWHWRYWIKGWINWCPNQS,AFP
DMCWGCGFCMMSATNWNVTEGKPDDYLFWHPQHSCV,AFP
VWCMGITSPNHGKYAKFFEVTITVRLFDFQLAYIDEFVMERMEESFISDGCYTKYETLPYSFSMNYYPIDYYLNFKILLGQGKS,AFP
IAYMDYIGCEYSGYHVGKDQGDNPW,AFP
LQKRRMDQTLQKVAIYNCRWHVQRA,AFP
SDRREKRVTAAMEREEICQHLHICWIAPGNDN,AFP
TMMYAHMLWGSICFSVWVKRPQVEDNWWCWPKTGLPQVHPGWHTNDVFVH,AFP
KNEVLLIRLYRWSSIIYHKNDSCGMFQISNK,AFP
MYEGWETQRPNYVIPEAPHTRWKFIPLEAWH,AFP
HQHSKMINKLKSGMMQKNRQHYSECNEKYGS,AFP
HGQQAADPEYYKNNNQILTAFFITAPCHFS,AFP
VASCESRQIWVNNQPRAERQLEYPH,AFP
FVQNAKEHQCWKYCEHDMHIDDGNTNKKP,AFP
QTFPVTMTHSEWSNAFPIINTTIEGGTAVLAYFDVFQQWGEFRTRQTCDTWKMFKPYNEKWKR,AFP
PRQDRSQFCAWVYKIHMSPLLCWPVKSKLGSIQDPWYLDSKKLYS,AFP
GQECINVSCGPKVEVHIGEGNNYEFGWASMHVTPWTKDWHMMT,AFP
CVIYGPMYQATASYLGYCKHRAGSEHPDNR,AFP
WCPDSAVMKCTHQSMSPIWESGEESKAVNF,AFP
KKVLTRMAVEVYECNCFRRYFWWLYFASHFGIHAHKSQQQMWHMMAHLDECESCP,AFP
YPEGLWVNAITMPKWCMWQFKQYRHDWSFIWEWYY,AFP
QFMQGKQFSAPYYNCNFSDWKQFVSMGWRQYPKLANICFCIWFSQTLYTSVPFAVMI,AFP
QRHEFQDYIKHRDRCEADDYVYRYCE,AFP
KSTDDSCTFVQNFTMNNNYMKMWMLTWKFQQLLYYSLQTTLRQWQHGPKTMAKIRPHNPMYRFKCWEHCCPL,AFP
PVCVPKVTFIEFKALMTYFPNVVRLALTVCSV,AFP
WVTLTMMYMMHLYDCRENCMWHPPVGCWGWNYLNMLFMSECHKPF,AFP
MAFNAGLYRPMAGTNEDPNCKETHPKLIFH,AFP
DYHDRETEGDFAEEGCEWMILDFILHHGRPCSGDWKCG,AFP
QQQNTPSPFFWVVWKVGMCGDMPGTWVPWIRQGHMYYSQIETLQKVGPTWEYGGKDYIDVFPKPLWNSMYWPNTEYF,AFP
TAWSSKKNSVLGTMFTHDMNWVFKCDYWI,AFP
NGIAWKRSMEYVNLQQCYGLQRLFTWICDEDEKESNMPFFCAHIMIAPATLYNIKTIGRAGNCMTYLEFNLYQNQQQAFYDQ,AFP
CMHWCGMMLGRVNYSSWGMQRMYYWPPKVRSRDALIWNCLHARKQVCR,AFP
QWFLTKRNLQEADNGMESHAHTICCNMQIMNLVKAYTDKT,AFP
PETLFLDWYHEYLGQGHDKAMGPDAYRKQYKWIGIHELR,AFP
VKEFQWNLADMMCHLSDPFPWEHMYRIMYGATDSHITA,AFP
AHCYAVASHEFEMHTWINKCTLLRGDVSNAGFNSWDASRC,AFP
PLGAHAQMWDQPKGSVGKDEVIFYCEAASIGTRTMKK,AFP
PLIRHCCATIYHTNYCMELNQWQTETVHCIY,AFP
CTFGELFKWDELVGPPNKKKIGSHFVIICTYIPNKRAVSQATRI,AFP
SHQPKGKNQCEAWVMRQEWRPFTNEHCPWQWTHRRVCTCCMRINAYQNFIIAGLVVVCSNTANLD,AFP
KHNRNFPNNYCGVLAYAYSFIFETKEFGIFNASRGWYFWGQ,AFP
NWQNPHTMSVINCPPHCMIHDPQAWYKCFAHRHQL,AFP
KPAYCDQTLFYCMHNRWISVPKSNSF,AFP
WQEEHVYHPYVSYGFTWEINMQKQDWNHARDLCICLTPCGTWSFYAMGKAFEDKLGLNRRAHTSYWKGKQM,AFP
SCCMRKVTQFAELHEGLGNNLWMNGHIIVENWRTRFYIVAIKKQFAFSGR,AFP
KVCGVVMSHNNERYYKESIFPHATNENHGKLGSFYAPWKVWGNCPLCDIEHSEKEDDSEQEDKINKLRGCSDN,AFP
DMLTGGPCGLECCRELYRTGVWSGCRFTRSC,AFP
DLSHHRMPAKRNWCVRTCNPFACTNTMWVQGNQCLGCNTEYTPHQS,AFP
RAPDVEDSYCTDQTLAYRCSDMHVTHMDHSIAGCDGAGRWCHSGGRSVIS,AFP
REKVMLSHWIYVPDLDTHPLTIDQTCGIILK,AFP
PRKTPMFSRVRMNKIVGWFNNWTHQHVGWMHKHRKVKSFKLYWHYDNMSAVVVYSLGWVPV,AFP
IWQLGTYFNMSSWWYITQSFMSHCYGIYWNRCMHGTYPQIWT,AFP
GHAMPYYWLRQVEMQMSWHFPIWDGAVPMHHR,AFP
NLVAGELWGLQDGQADSSTCPVTHN,AFP
SRKFKHNWSANPPEESREYHEGTGAWDADNQYCDGPKHSAHTYWRW,AFP
QHQFNDTMAKYMPRDVKCGSDAHTIPREPGSFVTSSWMPM,AFP
RLIAQQPRLEMAGSTEVCDQTTLAHMLMPCTMTRLSLKNATPQDIGHEACPGTACFMEYPPTMILEYWVDAIVYSPGLLNEKGNGLPVTESGCHATHK,AFP
QVVLEMSVVYFSWVTFMIFHYNMSNQHENRSSIWITETVRCESVDDGCLKYHCM,AFP
VPAVHAYQITKKSKTPWRFASSERVGNCMASEKQFCSKLNTEYE,AFP
PQEGRENSLALPCNQNSAPDKSIIGMRHKIIPFCAFITYHAFPF,AFP
CQPKPIIREYPSCPLCTGYPMRLHVYEYCDWRYMVMFRFFTWCP,AFP
QTQQSFPPAERAGRVMYTSCHWRNHGWARCIKWVMFATVGYGGAMEMDWV,AFP
WSSIVMCIKFRKMTAGNIVNKYWQTDAIPPLWQWIPRF,AFP
HHCQPPCLIGFIPCVEPYKLCEYHNSWSQLETICMHIAFYSREYGFFYYRCGFIAAMPDTRWQLMMNCKWPF,AFP
LDWDSDAFQQIGPSIARSPSMMPTYVFQCLVLPSFWI,AFP
PFNCPWGHRHFGLFCHYMTMFPHGDHHRFQADRCRCRVSQTPPQ,AFP
QLQKAENHSKMPNNTKKPPQWFSQEYKALSDRGCPDGAFNFGDQAALIIWN,AFP
FAFSYDKFFYDKQYAHKGRMSPELHRSYGKAKCTINILTFPTRVVCQDSWGKVTHVLVHIEYD,AFP
NDPFLGANPYPRWGLCPWQYRYKNRYCSKSW,AFP
YRPSFVEGRFWICGFMTPSCRERMTFPTCI,AFP
HTWHQHNPPNFHRWKHEYFERIIIISDIPWNTETPLSCCSRLIGYQEGLSDHWVYITNAQFNKFHQLMDQTKPARQRQHTVMYYACEVT,AFP
KDENGAYFASGARDSNCCCDNIERWDLEVLQDHEVLNGAFTHKWDSFEYDSRDYHNRWG,AFP
PHNICICDAQLREDFCAALVPRDMKMNPIALFDIEW,AFP
NFQERHSHEKWNPMWSYEMWHVIRALNVGW,AFP
EVHTAVSNWPDVHGWIAQMNNSQMT,AFP
SPCGKQQTSHCCKYNQKVRRCPPPHLILIPKSFNWDVRKWIVSGNVAMQVSSWPFK,AFP
THMKLICWVCIHMFSPCRRHTEADDAIEIHMPEEHVTAWRAGQLAGDCHKPSTNYLGH,AFP
YFNFYGWSYLHTKTSLCGAETEWKQ,AFP
VSYVLLYQYMAYSEHHMNRGCGCLANNTDQYPHFAREAPRGMTLCVMDPHLHHRMMGHDKWMIEIGYITISCSPWLRVSYHFY,AFP
QYMELKYHCNICRHVTEPWIETDDVNRCHCIRERN,AFP
EGSHNDSWPNGGNYHLRHNFSCSCVT,AFP
NMWCSFHAYGDDTEPDVIVNAGAEWQKAIYKACWDAVTRSVM,AFP
VKDTFTYNACGCPPRLDANMCGMPNRMCQVFF,AFP
GNLYCEYGWMMTLRVKELVCRKTDMTGDMAGSN,AFP
NHPRHSANIMWICHNFLYTLRLDMCVEDWSHRELGLS,AFP
MEGYAYWHVISVEDLEPLFSPWGLDDFHEFTKHADCAPSDNCRPVKLKVVNQPAP,AFP
PWQGEIDLMAHNIDPPTQREMLIAAACWYQN,AFP
DVSDMQVCALACDEMETSLDVVFAHTLLH,AFP
RYFNKMRFHHIFYHRTQQLLIYRMNIFI,AFP
VHTDCVNPSNWWAADHEPKHPYPNGYCWQCMKGGDKGVTDKMSRK,AFP
FRKSQWEFMLDKPSLWDRPGDEVYVHRITASTARETIYTPDCKCVSMTVFDPSEYIW,AFP
PVPQQTGCKNAVFAKRFTNDLQPECWRISPNKVIPHEIYF,AFP
NTCLPYWGSGMIINDCHRYIKVEHQSWPYFSFKRRWYIDLSWHRRHYRHWVGVNYIYNFIRGVPLN,AFP
DNLHFMDFSEKITRSVEEEPFQHNVW,AFP
LGRTSQFDYPWYIRYPGWLLMGGSQGGHIDNEFETSCLLPLMVTLTGPRNEPIDAKCGGTLAQPAPSLVCATKMDNP,AFP
CRGDFKLFIQWPVKKVHGKIMFFHVLCR,AFP
CLLQDTNEPKMNACCGAQQQDGSSHSAVGAEEKYKA,AFP
WSPPVPKEWTGWALKKDSHGRGFKITIYAKTCHTSENQFDNRVYDEDYCMWQDKTRVVVKFNCF,AFP
QGGEQVLREHHVLRSTMNKRWENVKYGSGTICITNTIHSPPWKWCNMRCYTHNHLHWYETYHHDHSNSP,AFP
REGHNADIHTKAFRDPLRGEMDLVCGDAWFIIGVFVTSAHTCHQTNSFAWFFMLSHTE,AFP
GTAANVFWWSTKFPDNDVEFAQCIKHDHRPNYLRGW,AFP
QNRRAHHPVQDQNNNAWMTHLAWPGAL,AFP
EIAWWIIWKLSGCYWFTIGRLIWMTNAFITHRWIECIFFDFHLSVMWI,AFP
PTRESSCPMQLQNTQAVEWVYQLWYNQNCRVCNGECEYYPEPGPTADMVIGTTGYVWIHFFRDQNLKYWCHFWCDFLFNQANIRWKCIMKFTT,AFP
MAKRDDVAFYNQPWNEQPHASYFVNWPLYMGCDKNP,AFP
GSGTKIQAAYMQEWQMSCWQISGKVDF,AFP
REAYNMKKGARKMQGYTDVKEQAFQYWMIFRNFHA,AFP
EVKDEDLHNSALFCGYFESLMWHDKAGRVM,AFP
AFFLTFPITGTSMKVNDGSPNVLISHFKISQWLSSTWQWSTREG,AFP
ANYSKTCKCTTWWTRWYDFHVHWDNLQGES,AFP
GICKYIAVKKYNSANRVKYPEIDQAIEDKTIGSHYFYMALSKRSC,AFP
CNWHLCRRRWSIIHAQKCTFDKYQITPKS,AFP
SWYTNMRRSFQSLRLTRSFLHASNMVIIPDQEPLTEDKT,AFP
IATGESANIDTHKNSSIMVDGRVCGCYHFWRVYQYWWIRVDRWPVT,AFP
MYKESLTGYIWKILMEVHERPLRES,AFP
HGGMPLQINQVFSDMDLILCYVVVCSQFVRLFFEEFLYQHA,AFP
NNKCGQFASYMKTKMTDYDDIWSFGDTTQQVMMTC,AFP
VENFEPTVRGSYAEHKQYYEHHKITHI,AFP
GMEPCLPVDECTMPLMLFVKCHRVFFYPAVGIR,AFP
SRDQGFQTVKDKRFLEPVHNTMFRFNICCYAREWI,AFP
AAHPKPAFFHEWIPECLPRRRMAFWKTAWMKFWTCNYPMQEPVIW,AFP
CSVYPVLRMQGEEFHTDHTGYDFVVMFYVWKCHCCKVHHENHTWYKCYHAWEKAQSKKVVMPGLHD,AFP
TWKHPWTGQHDNTVVQKRSNAESLTPE,AFP
FWLASRWPTFFKDRLDNGDLRRANDYFNSDTMYEID,AFP
CTQWCNYGAHVWDDLGFMWLTYLSLIAVMNVFMMSEYEFKFGRVTGSPSPHVQHQETTKARATC,AFP
YCIYLVTMFMGISGMWVTNNKCHCC,AFP
INNKWWPRWFSWMPTFNKAAVALPNNIIRLRARDGDIR,AFP
CWVWELMIIMTMKMPQPSCFHVMQDIMGRLTDHKSLWGCNPHSRYNSDGPFQSERKVKSSWPKILGPIWWDCTENWHSPAQQNTFIAQDGKVMDQQRQL,AFP
IMWRYAPYTISEQKDAVSYHGPLAGVTAFRPDFVRWWEPE,AFP
LEHCPDNKYYRRPWDMDQEPNVRCTCNSTWATKMFDSK,AFP
NAQCAETQFDPQYQGMRKYVCYWCFMEWWYYIFRRRESSMYYHTKMQFYGWPANEEFQKS,AFP
KKEGDGPFWTDWCDCIFLGPTRIDPEPGAIPHLPSYECGQK,AFP
FKYKNLEEIVVTGLPAKRWIFNHKIKDMYSNWVGQREHCGHSVNYPQLENYQRIAAYGLMNALR,AFP
ERCCTAKHNSSFQGRGLIWFHTAAYVRPYMYRVNRIIEWQ,AFP
PAKGISQPCWNVAVLQAIQNVVFQWPNSLFQREQNAEVMQAFTYSFECLSELGHLGPVGAYVHCYKERLDLWNIEVWP,AFP
GMDKIADPPHDISDMWETQDANQCQSGWEN,AFP
IVCWWIASKGFFIIYRMQHLRNKCDHHQTQAREDAGLGHLDMWHTMHKEDNYADRTMYEFNWWKDYVGVSPCAFCCLIGGPTMQINV,AFP
GGGESRSAVFRCNADEFRSGAANLFY,AFP
IYTTEIMRCRMCDIIHTVCTHNLCRFLCHAKQTLPYW,AFP
TDIQPCDKQHWNGIEENWVEQERWAAHGT,AFP
DMSQHVWIHICWRNNFEAYCWGNECDCMFFNCIEIKTWLLIQSTYPYRMNDVRHFLGPGLRPTNFSD,AFP
PFFQAFATFMLNFLVGWLITRAAAPAPVDLNDNDVFQLPVPVYSAMAWAQHDYMGVLHQRRFW,AFP
SMQEVKNYDRPIVDIAEYNNVIKVS,AFP
FPMIPGCHAQFHFTQMIHQRRVWTKI,AFP
RMNANSPMVESMLAMPDQMHPKCPLELSSEYLNFIS,AFP
ISCSTSEPHFVMFWVQLMAFWQNYHIPHTDYYLYLSMKAIFHWFDCA,AFP
ERNREDIHWFDVCKVDMFEMGIRTHKRHF,AFP
WCWYYTHWHPHRNLFGDRLKGSVQVCTWTLSQVFGPFEMQKYS,AFP
MNGCKYHYDHYPGQCMCCSAKNGRW,AFP
IWGKYWDDDGISWCKETRMMTNHECLGVPLKVEVVTLITLMVQKRQSINCRCQGVM,AFP
YICSRLMKPTILLPWSTVGSKLPHRKINTAIVMRNGAFTPPCHAHITIMTKDK,AFP
CWTRIRQINECGTSLHKLVSQAFYHYVVCSAF,AFP
NDRYYFMTFVRWQLAALFCNPHATNEDNLFCRKSELPMNYNKLGCHAI,AFP
TITEVCTNMMHTSWWWYDDSKVQKHWWDKTNTDNMCYLDEMLSWNCDPFTYMEHIVVRQPDPFVPKWVFGY,AFP
CRYPPWHTRLIEHIVSNPWGKAPIGNGYKRFWKREMTTALGRLAWSRWVYAQFTVTNIHDNHTWTYHYWTYW,AFP
MLTFWWAGVIKAAIGLRFSMYIILTDNWYSHNEHDPDCEVEF,AFP
YNDKVPNNFATNQTNELWDCGYRPCQGQFENFYC,AFP
FAYYECRDPIMLSHMVVTTATPMNPNNEC,AFP
QIMQEDVELDKHFFAEFDYHKWFTM,AFP
KDGEPTYPLRLATKKDGPFPYVGMWDSEHNGLEASN,AFP
IKPNHSNQVMIRTYGTLSNEFYSLDSDLYLKYNSDVNHYFRHWNYGC,AFP
KETRQGQHKLHGKTHIYRTWASCHMQCIWSRVFQNIMDAVFSKA,AFP
ADVDERMYETCLGQCHCIKDFTLEG,AFP
FVQEMGMKAQPKAIGKDDYDLNARMRKCCF,AFP
WRCYFNMITMRKELVFPRYPPEWPGECHSVHSRK,AFP
IDGVSPAACWKPFNDHVICDHADVPRIETFWGAMWHRAVTLTYWPPRRREHSRK,AFP
RCTEDTVPFHYCGQDATWMMYFNMANGAE,AFP
HVGKFFYSLYLAHARIAIERVVMATCSHWAYGQWYYA,AFP
MVPHGPQQHRVTWSQHQFHNEAHKSKQSGGESTHMVTPWATQWADMKIMDGHVSTVAAQGDNWMFDYDMPITCRDSDGCGEHVYPKVFLYIDTPCD,AFP
LWVYQIALPGGNTFHIYNIANSPFCPEYT,AFP
WCEENPYPQMKPRERKTHVIMFMAIAHLHDWHVSQHRDTPIEIM,AFP
FMTHVWNHDKFQKYANLDRVNKANYLFVNWEWAVECQVFDTHLADVDKASDGQCFCN,AFP
VHMLCEDKYFPDSQYNFDADCEVPTVHTMLSKEQNIDEHLQ,AFP
DIKCKDTIIKDNIKQALQKWRWLCFYAYWHILNTIRLQCTSIAY,AFP
PIDVKDYGMYSVTEAGTRETQIIRIAAIPKPYEWSHGPYQDLWFQWMNCYWLQNAGCYCPKFKFICISGKNCN,AFP
GFSHTECKEEWHSMVWDVTNHHHHS,AFP
NIEWHCFYCYQNWSVFVIICPQNCTWMWREHHKNDDVCYTDRDLQFLD,AFP
FGQSMSTMNCYTKVICIHTSEFHLASRQQL,AFP
LPMCLISPQKRQAREMPGYTCFILFPYGTHYCY,AFP
DGRKRCLHWVTWPTGMRIVTACANVRHSMHWCVFIMSFQCHKNGMRMALNPSRYEPWRQHVPAWIEDFFSIHWTFKHNNA,AFP
QEQSDDGLANYYRFHMKIVTVVMLSRTCSSLEAEDFE,AFP
WWATTQLIMVAGTELMSKIGCVTIEHRRYPEFGTHPEEGQMGNNKFFLGCLWLQIKRALKPMDEPYLTSAYNFHFIHNSNEDVTAPKPQYIVYNTINKMVHEFNHRRLDMDFMNPCFS,AFP
FPIYNNQYGQWQKGPQHNGKPTEYMDESTAVYLGLVFYNFWKKDKPNMIQYLCRWAMIQNRQMIRMY,AFP
GTNTPMVASDLSSCYTSRTPDFANE,AFP
MYHLFHFKAWDTSPEEVDHHQWCSMLE,AFP
VRIQGSGQEMYEHNEPDCAQHYFFW,AFP
YQGYGRSPIPCDRKQQFPLELKIDLHWFGHLTTNTALACPTLTCGDRCAQIQQPFGGA,AFP
MFDRWNKECGQLHMKYLWSAHYVKNWNCASVCDMIWRMGIYY,AFP
SHIDDYRCYHREVQAPDMHRCVYYQYVEMEDQKYW,AFP
QHERQQGQYDRVRVACRSQYKGGERGCVSCKWISYMNNQSQGHQTKTVYSLCNGAPGGSAHHVATNNVMSRIAFMFPDWRYVMMNDMDGNWLGSLNKYTNETALGP,AFP
LWVNTEISGCSPAHQSPMGIMERWEDNIRWEKYI,AFP
HRNIRFTEKGCGSQIGIHCELELGKSFQ,AFP
IYSIGMISKRITYQRNVCHNPFKSG,AFP
MAPPWKAHANGCGVLYYHYDLEWDQVD,AFP
HGFEHKGMCESLEPPSMQMVGIFTDFWLMCSLACC,AFP
HSIKNLRWIGPFDEPWHNMMWWRWGTLWLCIQNTFPEQWSGTH,AFP
YTLYGYCTLTGHAQYKRIWEHADWII,AFP
KYNWIAYLEETWEGIWYLFLKNAYWL,AFP
ISHHWKHFMLGHPNTKFFFTGNQQNLICWTSDMVQRQFNWSVCYRRLPHRCVDGSTMG,AFP
TNKVHLSSNSGLTQTEPLTGHITRECWASYVKTEI,AFP
HEDDHLMGDYDHYQNQNVTFNYGLQRWINKYDHTYMS,AFP
WRYGIYNRLYECSNFYEVMYHGQTAALF,AFP
TACEKHAMHYTFMKRMHPVELDHQINTF,AFP
EVMALYDRWSHLMRRWERQVFILPTGMHFLVRKQYPHDIYIDFWPYFNIHWIQ,AFP
HGYFNWGKPRQGYNSPIVPFKRCFPSLC,AFP
WRKHVEDGAQAINFMPYDQVGPQLQQHTNEFH,AFP
QRQRCSLVITWCIGWICNVQALCQN,AFP
IGFWVQTWMLWTFHNHLKHQHQIQYDLVILRIGGGEDLKIESAHYMMPEPLDEANCNCLEYY,AFP
PNKVGPICTTFHWDYTWTAPVDWAHDKHFSLE,AFP
AWFSVGQVYPRGDYCRIATNDDCNGEKHSTPDETQPESDM,AFP
RRGWELMMKLPDPCVPKQTGQTHCIFDGM,AFP
PIFYRHWKQDPRKHDYSPLVGIRSNVGMPL,AFP
SPYHHWHELWWMLLAAIHMPDARYYKEYQQKVHISNYQQK,AFP
HAAWNTIIALFEELVEYVNYYVPMIAHDIAPL,AFP
GFNDSHTGFDLRQQGEWENNYNPIHYKELSWLLQWLMNHDMKIDLRCA,AFP
IYCLRRTPEETAMWFCDQELSPTGHDYKGRQCPTIFVKDMKNHWKCQEF,AFP
IIHNCCPENSFKNEGDHCYHSMDDYDRKYNRVGMKSCSADAMTMPLKAALGKSAAVFFHQTDIHYQYFGNLHHGWDT,AFP
QMHSEDWVGQFYGVQFHMLYDTTPLECKTDGTCSHYPYHVDPSTDNYHAGCVYIPK,AFP
AFWQWKVFCGTHWNPFQVSAYLTTVERPGTWDLEVDTGSDGEAYYMWAEWDLIKY,AFP
CGLVDGSGMKVQQKEMAMHPDTLVANPILFWGIVYDKMQWHLHDGTCLSNHRFIDHWHLGGDSMSR,AFP
DLVIHKNPATLGSASAPWTGCQSWYCSLQHP,AFP
PRTMTYCPWGWEAHFLASTFMAWKDMRRMYIWS,AFP
DWFHLLHWHKDRCQPSADWWNHCCDDMNVSWCIPLRHCFMNAKPCSYFPCEDVHTYQNGFDQYTWNQ,AFP
MDGYQLIICCARSPLGFNFSKRLGKRCADVKDFFILIWQV,AFP
HYSIPDRHAHLFHHNMYMRSPSFPNDMSPTLDMTCETIGV,AFP
WWYADSSVTQYHNMPGTENGQAYCEVLRTFSDQIKLLLKK,AFP
CWRRIDVQVTHMCVILIDKNWFIDHILLLPMYMLMMHSIYEKCEGQQPRPHGAFASG,AFP
VHISKAVMHLIAEDPQCDNRKFGEQTIAGANGVIKMGQAGMETYALSGVWPQTTSEYMRNTKMLLEANSWQTKCHE,AFP
FHRLFYEKHGIATRQMTPKNEIWAAVDFAPDTILDIVAAAWGKIEA,AFP
GGKWDESWHFHFRNIDDNEHQAAGAQQWLKMHIAHPCQIYANET,AFP
MHWRALDPQTAVLHNKKAIAFPTQQDMLFITRNCQIEEHQIRPVQLHIQEFRRWLDLADWW,AFP
SPMTRLFAYVRWPPCEVAHRACDGLINDCVGAALWYACTAEVDWPDNTIDRPECWYCMHALVCMDCTPRKPLQAMAWIYWDTNHWPDRMRHPMKLVHH,AFP
RLFTNLMAACNSWQYSTCCGGAKSPEAHFTWADAGKG,AFP
YWFELNTWHECTEMPIRHKGAEDPEDPENWGGFWEQLFKTRVA,AFP
FWYVVYRYAFPQRRNMRNSEEQFMARRDWHGKAITKGDGKSSFWRNGLFEKHVLNMNSNFEEDLMCNKCHVHMRYRTQLHGC,AFP
RYIPSCSGILKLCNQPDTQSGHTWNLSSFGLQ,AFP
MSSQNCWKDGQVGDSAAEGIIYHREWDHIYII,AFP
TKYYKNEVQMNAKQVKTEHIIFWALKPGQIASVINWVVCNFGDMKWFSLHAEQGPPLLFEKKLTMNYLIGHENTKPFWDPHSGD,AFP
RMWAPGSTRCIRYPNLAIWYVGKIFESFVVFIAQGCVTL,AFP
RQRQYKYVARWFMIWVMGWQGEYHK,AFP
GVRHEQKGTWLWNLSAWYIIHDALNQFGWATEGIYFPAVFIFDAPIPQQNAYGWTPYNGKKVL,AFP
HPFSDGLDIRRIWIADCIEHAMNPQDEHMWICMHINQ,AFP
DLGQHGKNYSPYDEYYYRHFCYHFTHFTNSGSDIISVEMGI,AFP
IGNHSRMAEFKSWCCCIGMDHPWRAKQRVSYNILPRDVRCEAKTVLFGCTPCYFKGNSEHSWVNNMGHRQTFYDQFYERHRRWWGFLMDWHACASAAQVEEPMANGEYC,AFP
PRCRPWYSRCLAPIIEKHMGNLDFYFNWAKAYWGMLHYPWDTCGPGDHRHSKHVG,AFP
PWKKRVWQYYHYYGSKEVYVWWLIKFHTGFITPARHWKTWYWKYTLNWVKGYIKTWPKRLCPTNLLVMKSKWHVHNYFLFVAIVMG,AFP
LLAVVWQVAGRCRKGEENRWIQVVDELWTLKKPVGFR,AFP
DEHTHSGKAWARRKPEPAQFKKIFIMAHARFWPEAEAKTQEY,AFP
NTKVPSEGMWLYLSGWWAINLTCPTIVR,AFP
VEPSYYGSRAHMGFFWLLGEDYVTDPHSTANRDEVAGP,AFP
PWAFRIWLYPQWTYSDWGDTYRQFKYS,AFP
EIYEACQHPTRIEYPVPSSRSIRLVH,AFP
YLQDAKTQTQPFWYHTRLWADQKAQMFWLWQQRLH,AFP
ICMRYYQMGMNNKIMPCMFPTKNCT,AFP
HCMPERFDDLIHYCEYLEHQILGDKKAGWHLSAIC,AFP
STVEMQDKFYSSWVHMNFPTEIGNRHQYKRQLQKPMQRERMYLCILDFSPPD,AFP
PAKPEGNYNLITQGQPISHMPNQPSGWL,AFP
RYECVNLDHKTARTPLSLDPGFTQHLWSHNVMFNCQG,AFP
FACMNDPPWAIDRHWAFPTTKIILAIKELGVDLNQIYGQ,AFP
IWTPGSGHSNNNKRQNSCMGLPFQMWTHMWGVPCGCINETFTARGA,AFP
GIVICSKARDNPHTLSLCCFHSCRVIARPWMSMNK,AFP
SNFEPMAEITAHCMDWKSPLLGAMKNYTD,AFP
DPKHDPIPFEITHVRLQRCWDSMIAWI,AFP
GIRARILAPNIARFNMDTLSCPIQLRPQYATQMFTTENGHQLCQTTIRNTKQALQPLDTQRNHSIIWQRMNYNEQIDQNLEWNNVNEEHHSAGMQIMEMQPNYVAQRFYLYEEPYQGGLGQKYASHWTATGF,AFP
SYHKTLYITNRHTPYQWEFAWSNWMDHPINLTQRILHEPFCNSFRINFR,AFP
NAYRDYPAQWKVCGTNFPQFCLCVLMSPMQALGQQNNALMTNNSKQ,AFP
QAVWHKIIKIDCVMWCHVPTDTFHVIIL,AFP
FGKYLWHMDKDDAYPLDWGGSEWIIHLTPLRVQQMKWA,AFP
MKMCKISGSKPWVYWMNCILAFPTIQKMHGY,AFP
VFVFECSCLMMCVMGWSFSWKDTAPVTCM,AFP
IRYREMQCEQGKQAHYCKPMHAFAAWLCQRSYYPMNRWHA,AFP
PCTGDMTADPQPASNMEGSRATARLVDYIQ,AFP
RMADCRIKPGHQKTDGWWPWFDELTSACYKYRKVYQCDTQMD,AFP
MMERAKSLAPKAGVSYWMGFEADSLEELCPSFAVPTSIEKD,AFP
TTYKQCADSCRGHMCQRKHADGSYMGYWPWIAVIRYMWGLESQT,AFP
NHGRKMNKHRPQRPYAIGQQQAAPASEMWW,AFP
AMAMSDDMNMISLNKYTTDHHPVRTS,AFP
HMLKSHYHRAVVRSRHTSIETTLDAPL,AFP
MWAVENPMSKMNSMEKQCWIFELQETVKTCTVRKQRLGPNGGAEWGVTTTVDEGTPKMILHFPH,AFP
DKFWQHLGCMVVTAPKEVLVFRGFYRIWIKGDYHGPKIQRMGAWMPWPHFWPTPSISYDFLRCPEDEMREPPKWKGYVNGLMIIVMAEWTHYYATVSHQNHVYSVNNYYGCQMVQQDQ,AFP
RHRNGFNEKNTWNNSFFCCMCVAKISKLHVWHREHYINLLMNEAYDQYSRVGWWWW,AFP
APHGSQEAYNNAWSMTWPWYQRISSTNQWQSPMISLSQFDQRKKSPHQDIFCEQPCVKTYVD,AFP
SALPMEIMIMHWMFFSMCQGKPRCKIDCRSAKQATHIQ,AFP
RWTCNENLISVGVVDWFNMKDCHMC,AFP
TYRACTRCGGHERKAFNGSSNCEPHSIWFHSQYMRNEPWCRWKQFLLYWMHQDWQHSALI,AFP
LGEQARIFAVMVVDKGDPNWKGALFIPTQPQVPH,AFP
SCPLEFLLDSTWVALTMEICLTDWKRHGQRAYTSV,AFP
CWTKCIGPPSKWSFIDHIVIGTKDSNMHYYIFFPYIWYLYLKPVHEKEH,AFP
PLQALDCQCSWVTSHDNHMFNWYNDV,AFP
QQHVMEAIQTKEQIAWFNQMGAEANWDKKAFQLWCLS,AFP
FFDLYDMLQMNNTNEVFDCLEIMVWNTKQSRVGTEMADQPMSDTWTYLANGKWMFEMHTWCSDWQQNDLVTQ,AFP
PHTPEQICHVKMQENSDAFRATAIQCCGKPEPNM,AFP
DTLGPILLNEYSTECYHYMWEMNTSKWVLPSVGSTWDRCVP,AFP
MQNERQAVGMHLYCCTDCQKGFNVIAMKLGT,AFP
ELDQFTCDEAPSNFQVIFNWQFTLPN,AFP
FTEEVYPDKLGDHDYKFKWINMKLCYKDPHKGVSISQAVEVHFQKENYSDYDYRNRMGKKWPPQ,AFP
WSDVDANIKFWMTFPCDLHFVMFGTTCFVPHHPTSQKFCMCVEWYNKEHLWQQAVDAAVYENAWDRLGSLCPAPYFPIEHTCKLCHLFYC,AFP
CQFWHWTEQGWLQDTHSMIPSLYNYPRGMDGWLQHNQPWLLWVEINVTTQLVADAHFWMQTYPFGRSKPTPMYLFYHCVYTTC,AFP
YQRFLSHLENVWYWCAAWLKQRPEQKILSEIVCEWAFP,AFP
FVYPADNHEDAETQKMKYVACTDMAGQVWRGMITL,AFP
PWIVIYRQNQATELDKASRAFHFSDPEPHMHIQMVAKRYGCFAMMDSWM,AFP
TWGDCNDKQEYFNTDFALDRFVIDAAWSCLRDIHSLPRKDCTYAN,AFP
KKMHNKKMAMWYWAIYANPVMNPMEIVHFWVGNPGKLFQATMRFNEHDEGGGE,AFP
GKSWYIIAYFLPVPRSKHQHAYHQWVDLMLRDLMNFDKIKS,AFP
RVNVEQVPMGWYKCSCIREMMICQWQEFAMAGVS,AFP
GNKTEFCQQASAELYEGPCYDTQWTAQSDVLNADPTTDFLRHDKNW,AFP
MGFHASTMQNPDMSWTTCRRSSQHFPSQWHP,AFP
IDDKTHRRLIHVSSMRFCSNFMIYNGRMFWKRDATIMLGCHHEDQAQQVGVMRAMAMWHQDPHTPWTFSKSVIYDTIRA,AFP
RTTTWILNSTTISRWYRSSPPYHWIVTKFCMIWRVHIQCSCCSCIFQYVYQFTLYEPITWWGALMDRSCRQYYSTLTIRRKWHDYVTWHWNMNSRRKTFQSVAQEGYVQWMPCTEAFGEHWNQSVFESKQWNWRIFHEEGTTCVNTAVTMPVTKMTWRQIHEDWEL,AFP
EYSMPCFEMGSGKVMFKGIIICMLNQERDDFEAECC,AFP
MFQAVLHFLMIVCMGQTGHHMLMSGLKTTGFG,AFP
VWHVVFQWRKGGFGDRPPPNMQYVD,AFP
GAHLCFRAAHHNGCNLRVVQARLGIPCQYYEHIVYYQGRPKGHDRRKPQNTDTKAEIRAHEEIPFMWPWKKLRNSFVGMFLNTGSDMHRVCCCQAKRSLRQKHWGEVWYGQNRWPVAMREDHYEMRQSYPQSFGHRFDGGAHCHVNVEQAMWELPRD,AFP
ADYHEIAHFSNKDLAMYFKVGLRFYHGREYEMEFIQ,AFP
SLNYSEKYSTENVMMQLLICCGASSFRTHRLED,AFP
VDYCIHDQMWMEAMHLFSSLCVYIGLMRGFTDVR,AFP
HMGSMSITMKRQTIRCWDKNGSRCLHCECRRFCFQQNKSAESNQPFQAV,AFP
KPLFCQRIRNCYEFKEPIGTRLKWQSKIVEAFKLIQVMENIMTTVSA,AFP
WYCYCGVDPGMKWWENMMWQSVTGQAMLNPNPLRTTTNK,AFP
WFVNPGHKLYPQLIVDHMAYNIVKEVAS,AFP
DREDLNGPWDPKMLVNVDSATWQWMEIWFVTIVQHAIRGKTMVSYESMINICFFEFFYYEDHSWEPGYQKRMKSCWWTNA,AFP
CSARDCYQIVPDVNCNWRNTRFTCSDQM,AFP
DKNSQDHQNPIGENCMRKYEAVQTQYKPKYTNVMSQV,AFP
GFNAEHALRPHGQPKPEAEKLPDGIML,AFP
VKFTCDLRTKIHNNHVDFVEKYAHGVCVGCFCGTTNNKSQQQWLLRNFGEGKVYGGAWV,AFP
LELKKMGSELNRDFAWHSERNYYDLAASGPVHLKEKEYFCNKCVWPTYIDVGWECYIDPDEGEYPD,AFP
FHDFQRKWMVKFELQEKWQHVMEQMMHIAWFMGFVWSF,AFP
SFHPYNQKKPPGQLYFKTVNGLLLLHNTRC,AFP
VHDKHATKMPCIEMSDCDKGHLQMSNEVFLHKSKEIYQCTYTF,AFP
INRSRYRIAKQEMWGDDQTDLGMQTQSWCLLELNKGCNWDFMYFFYQNNCSW,AFP
ITIPIYPVETMVGSDHSVHWGRAVTSRGGERIHFF,AFP
SPCDLEYVLLSDKVVGNWVYWTMPTYAYEGKR,AFP
IEVWAMACCMSRMSREHHMAPLKLSHS,AFP
VNNFLYVYTHGPMFWFCKWTMSMEYNLFICTEWKAAHHKRMISFAGFFWDPWFYVVGDPPS,AFP
LYIDNEKIHMHGKCPRRMKQVKLFMWPP,AFP
PKWWIYGRRVPNMMTTDDWEEHKILLKVRHNSWRMCD,AFP
FIYITVRRPITKRTMFDNCQPVGRIPINDVNHWVFPK,AFP
NMYEPFANNHCIEMKARTDIGEQASYHVM,AFP
KMCNLENDLQHHCANKCINELIHQYSFCDQ,AFP
IAINCCQIAFLENCYGNEIMQENHGKSIKLLKWHHNWEIHA,AFP
QMMMPNCRYKSGCDMEMRWHNQYHYEKMTLIPLLS,AFP
MQFRYRSGMSFCRESFAQGPIYLPSMVHEH,AFP
NWAIIDAPTQTNAFLPHESYERECGPQGWRWSREHECGYTKDIWTL,AFP
FNGGQLEKEWKQRHRNPWYDCDQPVMTCFST,AFP
RLYGYRPMMKDRCNCPNWVPCQQSQTQVSAWQHLTIKMCSYAHWTSILVLIWEKQF,AFP
TICLIYFCDGNNHYKQMIIWHNNKRAHMIHSKNVLNRGD,AFP
LNQNVNKHTQREHHLQVQQQNAYSATFEFASLKNVGTCWVPWWD,AFP
IWENPVTILTKPNQHTAQQQEKAKCQVQKWYYIHEPLITTSRSYGCQFCQR,AFP
CNVEYSCIHGHIVTMSDCKIIYECQTYMVLVYDLGCSREYTPDDHHSVKGGDDVFLRLLFSDPYMVD,AFP
SHVGRAHIKTWVFTSWFEQQELSHR,AFP
TFKVMNMNPGNGQFFDCVYGRYQDSGGAAPIDGQVGRDVIKSSQEWHHVYDERFNVERMGIVQKCAQMMHEPT,AFP
YRWHYFGGCTESRYSRNPVRLLVQPKYGEQSRNQ,AFP
KDKASTEMHRHCGCFALGEPQDPWYHPTGRCNYHKYRKFGDKQDRMRQL,AFP
CSHGITQFFSHGWHNKNEFRLAFCKIVVNQ,AFP
HGMELNVGCTGLKVQCVRELFKAKQQSMQVMCDQLITRWQTCAIGLVVVQRQRQNFCWP,AFP
PKTHCICGSCFCYDDMQRDTTMNYYCL,AFP
AGTNKCYEVIPTTPRYDQSVMVIVEMGEAPHTMAAFVIVKSTFVHAQMNWHYPYAAPCQKSEE,AFP
QKQAWVECEADQNEDERPAGWPPCAVWVRIN,AFP
FAHYCITPTMKVTNIAHALTHDEHE,AFP
CACWPHESVFKRMARAWSCIPIGMFLNMMCVKGNGHDGNG,AFP
EYKYRTILWAEMWVIEAYVSCDCETVLEDEVK,AFP
TWGRKIVLGWYPDGKCPCCFMKLEIIVFESEKPGLF,AFP
FGWGMGKYNGHVQSTVYWEHYRAHRRDHRINSQVRGKG,AFP
SLHEMMICLVAHPDLCVMEFPLDTQQYISWKTEALNSADMVKIFNEGKIVHGKVLLVFLFYIAEFGKTDHYQVYAYEPCPGWPQWSEYIDTTYFLNIAIE,AFP
APMVQDATHYQLWMFGTGGFFDDFIMWTWFWKNAKCPW,AFP
DWPGLGQYGLHITSNEANAAAKFHHTVSHRI,AFP
SGCATIRNDDSAWGRQINLSCPAMTKHLPMKSLPGPASPAEETEKNSMETFIVDCAIP,AFP
IRQERCRRLLSMIYFTNTIWPCAAHCWPANCT,AFP
TSKVRARLTAHRTNIELWEMQCWPMAMWHIKVWPYLIPCIPQFNQDDNYLDIVIRLKATRAWDVDNNCDSWGYEINWTNWPNTIVMRKEYQDPNYLIYWETINFWVWSKMDP,AFP
PQPENNLDQSQWGGFIWGDVPWGAIDVFKGSCHCCGNWRGPGRRVWMEFG,AFP
SYMSVYQEAQGVHDSDIQYGFKYAWR,AFP
FKCQHYRIEPTLRYTFGIFTHSCCWIRHRTFYTHDGHVFGFTRDWWLWQVWNKGKLY,AFP
QKFRPEYCHEKYGEIKMEGCFSVRTYTVQNSGG,AFP
KSTCMYEWMVPKIDCWIKRLWHLERGMNMVKATCHFEHDLHTKHNYGRSCTIN,AFP
EYWDCWGSCTGFNGADDFTYSQWMKHR,AFP
LYMNVVAFFLKKCEDLLTVKNLCKLHS,AFP
VIGNTYDMFEEKAGEMHGDSFFPYTRDIPRFEDIKINQILNMAAKI,AFP
WNMNLIQKHTFFIQMMVIIEKSVFWFRMCWCGGIEC,AFP
DMQKRMEQNDRNAKAQYHLYEYVWLPFSANFGYEMQ,AFP
FWQCFNMPEGEATMYSMNGKFRVNWDDKE,AFP
VGIGAQPNPYDPYIWLAYRVFKMWYSEI,AFP
KCIGRISRKELKAGMRWSIPNKGYLVERHSYLRSSQCDRLSRTEHFLYMFTDLPEIRTEWHD,AFP
DYQMGPSMAQHFGTALQHTVTRTIA,AFP
DACHQLMMNHTPDTVEISRCEWNIYGWMANIYHEMWTGGIP,AFP
SSRRMMACKRCIEQLEAQTSSVKHRSK,AFP
YEWHTNLRTIQSTFHAICSTPIMKLN,AFP
IGTMIVYYYCFWCKLWIEDHFSFYNELTLI,AFP
NFCCSKADHNVCRPTWHALNIFMVPWILIRQCVEHDYDYYGCGPPRL,AFP
TAWPYWWIMVFCINQNTLQFMEQVHPILGNDMWIKCMNPGETWLHHAGIDGLRECEGKLEEQA,AFP
HDWAVSPEVMMINCMCTNSDAEIHPQPG,AFP
ITVCHSAPGDGHMYCCLCKTLIICMDAL,AFP
FHWKAPIHHTLQGMTVSEACVWIHLTVMVGAAAFYGYMIYGKKVPMVHFFHTVLAGDVQCITWGMI,AFP
WIEKIGFMEGAAVSVPFEQMPSHQSIY,AFP
NVKHEYQSMMMGNDPRRVWPEMFNPNAVLDSHRVFYLRRRYLVNWYSNQTRPLWDK,AFP
IVHNHQRGGKGHVNSFIVHMVWWLHA,AFP
WHVWDHGFMPNFGSRIRHWCQNLMIWDTCIDWDGFEGDTTETGKVWERN,AFP
DISLLYCMNITVKDYCPCERYMVKCCNIR,AFP
ENTWLNEPFYLAFQSYKTTSQLKGGCPPDESQTSSTDIPYMFTFGGAGRILVLWHPGA,AFP
QNPWDNLAKMDRSWHYSVEQYEHQLEHEANFHYFDVKDQCFVTIR,AFP
IPMQGSEMYANKRKLVDRTTTVFRFEDLQVFFCEIYHMYEFGRPIYIGPGACRLW,AFP
FYRMDWKQVRDVQGGVNNMYPGLDGKQGKDLPYKYCYP,AFP
IEQIGGSHIEDRHDGAYGFHGQFPCSEQCYVVVQQSWTCWP,AFP
VDIKPLPFVDETWCPAYREMSIECGGYSHNQY,AFP
PNNGMNDYWPATLVISTHRRFRSECHQHNCAGHNMDVGRENCSNNWHKRMCPVHMMCMIL,AFP
EQKVWWQEMCHWDQQCNPCRDLTKVN,AFP
FPFFFKTVRLDNSVRIPMITCGRRYMWHLFASM,AFP
RYNEVVAINQQVHWLWWGSHEKYIYYDVIYCGQGGRKSSAVMGHVVFTCLVFQWGPAGGWCLMKGKD,AFP
LMQADTTDAEKQAFQMCRPMECAWNAVPHIR,AFP
GHQDPSRMWGFTWNPEVHFFHNTAVCKVVNH,AFP
FTCIGTFAAAACEVTYFYMKFVVRDKQCKQGCTVPDWGQQNVIMQNVCDYSCAEFAPASYDHWDHRALHNRMCAVLPMW,AFP
PNLRVEIWYCEWHCDQPKAPKSDFTAWIIWEVVFFNGVSR,AFP
PNFAFSQATSLIPYWHWHDGLSKYLIRSFGICLEPIAMSAKVSYRYVSPDTAVLATWETAVSL,AFP
ANDTQWQPLNCTNANWDFPADDCPASNSYCMS,AFP
RATMCTWYNFEEEFFDSVISEEFIHSEPIQERHGWFVGTSTQPSECVGGYCTWSARLQ,AFP
PQDYWGKPQDKMVCDESRNRNRENCLNSMLISPD,AFP
GVGHDRDHCDFNGNKDVQLQFCMHNQTHFQHPNGQFDVYLQNYRGS,AFP
NDCWSLQVTRRFSRIWTDAQCWMCYARKQHMWVHCFF,AFP
GEPQVDMYLTPAFTFKKQFTYWQKMD,AFP
FRCNSDPLAISQKMWWFMEGKHRPASRSTNIFKWQPNASLDMFPAVV,AFP
QRGIHNFFASVQTRIFSYPYWQHYPD,AFP
HRSANCEQKMHDYQGMNSQGSQGFPTGWSMVRRYYQGLEYCYDIGYKQKEHMYIKYEAHNFAMAK,AFP
MPQDWFMQLQKKYVIKQGLWPFDCTIGWMVKHVITYMR,AFP
EIMVGKTYSCQENENDLWRECFVENHVNLTYGILTKRA,AFP
PFELRYDHYGETVQWAMEPFSGCILIRDVWCSCDKVM,AFP
WFVNPEGCFKYWCDKWNSCHDTACM,AFP
NDHCFWVCSISRHYCVAKVAQTRMCNRYKEEGMNQNKSTWRNC,AFP
MHIFYRCFKDHDLRGDGLGHVIGIARQIWTYRCNPISVISALINKNQRSYQTGKRQFKTLHQGVVKVSFKSTLHALVLPNTASYQSEFHGRL,AFP
NMVITISHGTARSYSTNQWPKGWSCHAEGHL,AFP
LWWSRKVSQAYFPSIFIQWPNCYSSCISPHGLMNRHVCNQNNPIIMVDLCDCAMNRWTWQKMIYCILCLCFFYHDQVVFYQQH,AFP
PDGHWFNGTKERPWGESCMDYYVRVMTLPFQNLEKPANGDMLCYHEYNM,AFP
FGDGYMCNLILGSETFWRILEGTLTINLSVGE,AFP
NDCAYPLVVFNWGTSLVDGPAFGPGM,AFP
VICLFFHDVFMNSPEWEFMHCFWTMKNAHMQMQPYLQYEDRELGCCYWYNIRPRLEMIDECHENNQVKSQPVFRRDFDAMLQSCANI,AFP
SKHFYPFYDNEEYCYLGFYKSVLLGWTADHQL,AFP
VFMTDEFMTHVIAKMSYCPQITLDACNLRMVCTEHTHRGAFYWCRNSDSCENSMQ,AFP
FYEKNKKNCYCKHVIKAWDGIETTTVKAFIS,AFP
SYGWQQEMEFVMQCIHYHECCRLCIVWIYDFTK,AFP
SIQEDVTNDIIRFFTGKCAHQMLSQNKRMWKYHLSGCQQ,AFP
PRLGVSAEQNWSMLNVDCSFQWLWQCDIADDVY,AFP
NYVKDNAWLRMPAICDGPDWQLVSPSYWI,AFP
CLAMMIKAFDRHECHEHGHKFFDDHTSQPVYTVQLFQWPYGLY,AFP
YPSYFSSYIFVMMLYNTDQLHQWSLIGANPRDPVKWWFSMSIQCIQTKE,AFP
MLKIYKKYCSGAKSNQFAPKQCIKH,AFP
KKEKSQIQSFMSIIHAGELSINPLETSQCVWPPISLVPYIRQHQTNLNQ,AFP
YFLAQIRYNNGYSGYHQRGSCKMSSNWCLALLLAATRQEQFPWMHDFVNKYDPGGTVILGCGQVLAFHFYEQVYQDAYEMLAVTCGSMGADWWKMKVFWKEETSPDVMVATCANKDFYWPWSNRQFNNKILWWELHRHPRLA,AFP
EAVNQWNTDLKCKAVTFGMLPENVDRMQQWQMDKFNMQRMEIDSTINATGEDERGMQAGCKHCVQRKLTHAHKVTCD,AFP
HKRYEGIYLFVACHKAAWLAKIPQQDKTFAQIYKNERKTRYCMCPEAAW,AFP
RKSFPKYYSAAQMQDVRGKYVCQTTMKTTPWHWYENSEVRSLVQV,AFP
NPWIWQDNTTYWHDRCIWLHERSTYIRDPGSGIPVS,AFP
LTPNLLYDRWMARTELDWPVTKLQVVKFQNDGSQVHKWSFIAVCP,AFP
IEGSLPNEYWFIILQLLELFTSDVPIGSVLWSQHGLAPYGHGKENFNKC,AFP
TVPDLIFMSMGAECWHVCPWPCHFRGPPCWVCTWGHKITTKQPPCHWNKRPGSCDMCNNWENLQRGYSCRKY,AFP
ILLPVIILSICNIFWLGFSGMVQPDISFEYKKNFYIYQWGWVHHEGQ,AFP
VDVPNTFENKSVMGCYVRNEWDGSHCTTVLKHIGPRARPRWWNAF,AFP
WYVALRHCNHDWFWMCHWWDMFLVRLMMHFDHYKLLYWYTCTLDG,AFP
ELSNNRSTDNWVLYLFVQIQFVITGIQICLARRRWKIARKQYMI,AFP
AKFQYQDQQDGEPSATWNPFSMNMMPNVKPVQFADWTYQSKGYKACHRKWEWGHYDDKITDEMDGQSYRDKTLPWSTSNI,AFP
MNKAFAKCELLQKLMHNFRPNGREKNVWH,AFP
YMVVQVDYKRDWRHMNYMKYEMSGYSMEAMWYY,AFP
IVDHECERNNYDWNARWTTIDACRYF,AFP
GARSYYQWVLLAVYHRRFSSMLHQKKEPQTKYTV,AFP
PFPFAVVMSGAWCWNVTETQWWRDPATRCLINIFRGM,AFP
CYRAGWMETGRVVMGTSFCESMCVGA,AFP
FNSGQKSLIYFDQAHTLARDLCVMNIINPTSKQHFFEEQMMQHVHYL,AFP
EQNKKRDKMWSGTHFVAEGSGDSVINERNFGSLCQSPNLEQ,AFP
YHGKDDENIIEYFFPSHLCSTWFIQFHALN,AFP
IEPRNCIQATHYSQYCPEITDADAKQCGPAYDEDTSW,AFP
EQILDYQDSLDRYEFQMIGRHGGMCANNGTKDVERIWTIWCLPAG,AFP
WALQLKLPYYKMDIKQSMTEFTFSMTNSCQHSVNIWMMSMWTKDCMVYSWIKPMCYVP,AFP
KAMHIIQDYIESNFVYIYCDMTPMYYKTLDTFSMQRLNPGWCAQTMQNRGSDFKYIEIMDLNISLRDAWIVYAGLRQRLNKIYVGGLSVPSQEWMKNTYACTPQCGNCYKKWKDMSNQYHTFCGQEFP,AFP
PWKETNGSRVMAKGFTFANQEPHIYTCTLNKGTHNVWECCNRPDK,AFP
NFHKMNIEKPMEWWDATRMQWLKKVRKHQFIYICKTNNWNFAHM,AFP
QWYPQWNRTFGARVGPHSDTGHHTKFKSCGGAWNQ,AFP
CYRSTFFRNGEKGEWVPWLIIQMNTVLWAGSIFYAQTVMYRGEITLHARVWNNSLFYSADGGIEVKWRFFQLKTMTCSDCKATRIIHIYMCVQ,AFP
KLNKFAPIVQCIAQKQREWKHIQRFPENQMPGYKTIHDCYFRHATLPKAFHDNYRAMEMVMANCFDHFQPNEKSRAET,AFP
YYPIFWGWTNPVEDVFEEASETSLERANCIKLAKPIHGAYLEETTPVEENEYPPDKDNNLAT,AFP
PHAMTEVRAIFFFFYQRMMQKLFMAYRMTPYDTVFYKKEPRMKIHWVNCTLRMFNKRL,AFP
FFLPMLHSKHMSIEWAWSLSVRMDANDLCCC,AFP
RETCGCSQRYSKDIYCCIYKFWADPYPIHF,AFP
NCFCSHYWSDEETFIEYVVGCSASRPTREMYKQHQTWFKDESGVIGGYWQAANTERKLMN,AFP
FMAVNDNHLNQTMAANEACPYAQMLSELAESDNDANQIPALAKWGLGAD,AFP
NYCIINPTNQSLEMCMEMTHALSNPHHRTGGCQMI,AFP
HLHQTNVCIPCCGFERSSHVSWTHSDTEQTCYWKMWYYGTVHGNYTLTTSCFGNRQTDGPSHTWTHSALRTPGSMLAWYAETPKAKCVLELKWWILEIWWKADALGMLTLTTKLLGGTPPSESFPDQSWWKPKVAT,AFP
KWTVGAMWTWTVDQLCCKTQLQKWLSHSRKQRDSAPHREPHIRWMISEDMFADPTGQPCWFKEAWCHFNACKFCMIIRYEIQDSANGWMPANRM,AFP
WAEKLVWIGLEERRYSITHHRCQKFGWPMTDS,AFP
NYKSDTFMFHTACKRLILICDFPGAWEFRT,AFP
EHACPHWDWGFPKMIERKGLYMPFLEAWLIIQHLWMQQG,AFP
PPGPICLVYQNVQEVVPAWKYGGECWLYDPTKCYVVSKMTG,AFP
YGRDHPPKHPSFDCEYIYLEAFNHWDYWDYLYSRHECWWVSILQQWDWKCCWVGKQTDRWGFNCVCSTFRLCCKVIREYWHEIW,AFP
FKAWMWHSMAWTEMVIIMCHAAYYVDS,AFP
VDYPSASDDEADLRMMRCFMNYMHKPIYRTS,AFP
CVTIIVAIYFAMVQGWEMYNNQPIGNGSTALKKKQSCVFESSLTGINVWTIRQKSFKAQVDLFCQ,AFP
SIPIGFMFDHDMAWELPATVENCHWKPVNITRQLKAWFPVLF,AFP
QSYNKMDTQRLTMVCARQRQERDWPAPSVVRCVYICQGFDTTMDCSQLRITCNGHCGG,AFP
VATKPYIKYQRQVWFYQGIHNGGRWKNLLSWDRVHSQKWFAVSIMSVWAGELLSTPELWCWIEF,AFP
KQAMVYSNKRHEHAMQYTQSFWIHPQGMASFQCL,AFP
FDNLVYDYIEMQNHHKNDHVMLRNEL,AFP
DQRSYEATVYMSYWYFPVWLMHRAHEE,AFP
VDNHNAVWFEGETHRQADRVIHADSFYRMMVVPCAQEENVWGMMGNLNPCPTICSEWDVDHILGRRWCTDGQTKEKWMFCGESGQNKSYHMAGSPAEYASCETCLHWVRASVAYQEKRVKIWWRSK,AFP
WVGMLRDPIFRTFRYQIEPWPLKKMMLVDRTGNMFNSCPPGLKDKGYSKRDYWCMWRKCSNCYNATHEKPELEVV,AFP
YFQICHRYVCMQRQTYWDHPFWCTKPKLQP,AFP
DDDIFAPRWLMQCQWWMATNMSQYCEFPIECDTHYIS,AFP
THCGGFQLIKLAESFPQTKCTGWAGCLAW,AFP
NKGSVGRLAGSTTGRWQCAMGEPHHWATGKAWMHLIT,AFP
CVGSWQYTFCKYSSIDLTPESRDWHVIRSTVKCPDFDSVWMLIIEKIIYYKSKGNKTKSYKESQCV,AFP
ITPLRCLAPITYHNEGATYHDHDNISWHHCAPHASMDYQVKPDPT,AFP
VFPKKMFKDNGCKIRILNSRPKQQLYL,AFP
LRHIDRVGDRWDDTICISQMEFEHMDWQSIWIANDPRLANWLKTPLMKEDTQWVKALVRMMAKTNAIFPIYF,AFP
CMYVKRESCCNQVGHNVYNTWPFSDRP,AFP
WMKMKDEEERRQSMMIVFECFWGRWALHILEQFQTCRFPCGHYQNVNRHRKK,AFP
IGRAYWAQPDQYQPHPWWYAFWLHYVEHKMTASDERMVVAGHGSLYETCFS,AFP
ETYKSYKTRYWDVKSQMKALGIDLLG,AFP
MRPEASHGRVPKEEDEPCYHVVNWEMAIAK,AFP
WVVLAPRSFFSFPQGKLNKDWQEDGMQEGCNAFHNHQC,AFP
YREFLKSTMEMTYCLTVRLWTGHSNA,AFP
LALFYDMGWARTKKCLMMRIYELDWISELSMIYFYAWGGWGAKPMFPVETLNDNIMFHDYMIPSPLQLTFMQLYTHIEHMPKWDWSKHPP,AFP
PIQIQQTAGRRLPVTSYLCATGHRQLAMMGKRGVRTCQMWSAPEIA,AFP
RQEFFLETYSQPINVPIDVFMDNWGSSKTYLHYYGNSNTFICCNFHTCHIVLPYSHRGYEQCFCLGWN,AFP
KGPIDPRMWMPFLPGGRWLGHDKFHHQWNYRTCPNRTIMFPMCWGASKMEYKGFVHICPWFSNSHGCHNSPNWPSK,AFP
FQDINIAKHFPFKPKDTADWPQCGGVDQSIMNTRFMQSGTKWMWRAGDEY,AFP
FDSYGTHECSNEMTYWQAEKCNRYVYGDVGTPTGENLLLEHLTWDGCLSDARHCRAFSGIEQYGKSVRKVVF,AFP
DVSEVYSDNFWRAAGWIIWRRWDCEREDTATKHPVARVVENTGLIMCRILRNSGCCVMPWHQIKGFITATMVMKGEARAWVKPNR,AFP
PVNRLEGDHETDLMHFGALRQFWAKKIRMSKVPTPSQKERSCNKPQDHVESYPWVV,AFP
DPKYSPTIQRRMKGDWHWQHRMKASWKTVVHLDHRGWLAPYRHGAQCDPHIAETVNSACIKEFGVTEINSHADRPGWKDID,AFP
DLIITYWCFPHFAFMHHLIGSTCFSDPGCMYKVYAYRIRCAMNSKQAVYCKIMIRDHS,AFP
GDGYNKTDMFGHDNAFALEDDKMGDECDTCYLHVFRWMFQDECQDPFMTRIWTYVFWQP,AFP
CCFWPHILWIGPISEPETVRCPGIT,AFP
YFNEFDRDFAYCHWFFHGQFCGNWDNFYASAEWLIPE,AFP
NALLVFYMKIRVKIWSGQYYDHLNITRPFHRFYHMDKVRCN,AFP
LLFMMEQVIQNVRNYMLRDCIVCVVMLDQQLCQSPEN,AFP
PCCRVVIGILVYVKTLYFRATHVYNWWFRKQPIAVNLPRFGEFAPFKEAFLKFCPSATRDARNKLAWTDSYDDDHHPEEFCGYPHKKHRGPRKLA,AFP
DKWPIYEDRLRASFHSWCMTKLLGGA,AFP
FCDKQIYVLQPMVKFVIKTCAGVERYD,AFP
LTAVVPSKGNSAWQPKLSGCEWTQYLYPTITRVLGNNHMAFKQNAIVQW,AFP
TPMGCYHDSWLYRTEMAQSDKEPKHASEAC,AFP
NMYTHDGHMFVIKPVHLENQANNENHHSFT,AFP
MERPATMWPWLDSINHEPNNIDLPCSCNPHTAHIRCSWRDNY,AFP
KDANCFCVANQIFVSEAGIKCGLYE,AFP
SGMQQPERQNWKTEWDYWDEWNYDPNG,AFP
GRPPWLQHGYARTDNSCFGVKDWSKITCG,AFP
FRPHIFGGWWDDWWHQAPVHGCFAAQVCNES,AFP
QQATIHNKIPDSVETMAAEFVMNERNGWAQMNCWRAQMTTDDYPNEFRYLVFMCHGWQYECG,AFP
GEPQVMHDANWMKDTLDMRVERLSAAYGTNIRSAHMHKTHSSA,AFP
MEVQFTWPEGSFLDLISAKPHSETDIELQANPFSSLYETKGYRGTWV,AFP
QRNLYPVSAQSCMMVKITPIETMRI,AFP
YDYRYIWEKWQHDLYDCKQSYIVFNLSNIIACEARRQTPWNVEIQY,AFP
KHGWHANIWRSHGEPSTNCYNKQMVLAVEA,AFP
EVDLPDCWGEESANSRGKPNQWNQMWDHIYTKLKTSKWTVNR,AFP
DHRTFAMMNPANNLVGRFMMWWFFSELEHFYWPFHAFR,AFP
GETRCNMDGTRADYSQETLDTRLFLIKVNHYRKVDRYEKWDSPHPDNTWLHEQND,AFP
AQVENKPCSCGVPQNMIFYMLMIDSGCMFHDWIHYNHGFGYKTWKEMEI,AFP
MPMAVCMEYDVFSWIHVAICHRPKYQCNWTATHCALSVNW,AFP
RFLLDMGHGRLEMRIKSELVNLLWMPMYTGQSEKREHMKNF,AFP
YAKKYCCAPLKSVLFTFFCCPARHH,AFP
QFRMLTGNPAYTMHAMSWVGRFMNSTNDKHSV,AFP
HPFGKDSEGKWHHCYPTFGMRFFSEWNNMYCAHFCFEEYRIFDFNVTAACCPSDWPR,AFP
VLKMLNCRPKLKGGCAFCNDGCYARKF,AFP
EFMNYKHCKSALRFKVKMGDPKAMMANVPGPWMAWYSNWGCVLDY,AFP
LKVWNPGFQDEESLEYGYPTKMPFHYAWGLILYTHCRWYCFHTDNAHRWYAWEAKLQPKCG,AFP
FPMIIAHVRQQPACKYASRPEPIAQKEGAFYFLCRQWYTI,AFP
KCDHTFSCEAVWMIQINGHDRTFMCKDQHDHVVHNWMDQQRPANHQWSALQETYKKNAPRCCPTRGTHLALYGNPVGR,AFP
IRGPRVSIVSQADHDNMRCRFMHYDIKVK,AFP
DFMPLYGFPLKAAFYCLMEQGQMPLRVSNRQLEF,AFP
GRWHRELPCALKKRAFTARFIPYQCIARWLKFTWTSIRMP,AFP
GDIKQGQSGNYNEFGLWCNDYLEHLLYCHNRGFR,AFP
FHNMDMAKKSHHFNSYFWGHNSVTWWR,AFP
TRMGDTARDADPHMADQATTVCWGW,AFP
AIEAGLPDLFVIRKQVEAYPDVKHAQQIGQAD,AFP
NRKCAIHCRAYGTRPCLYTMCRLGGFNM,AFP
HETTSTKPTECCIMQKVGMGGAWCGIMSIVGMHAA,AFP
TKAHVLWNNYDMRQECMNKGYFWNRNSTYSYCGPSNSPHYDWCSV,AFP
WPIWHEMLKYDIDGHVPALKTHDEWCGAHITMNFQIA,AFP
VLMHMQAFHNENGHANGPMYWGRMDATPLAEMHPLM,AFP
TEYDGITDMTRKSPKESWMYCIEDCNSEKWLDT,AFP
VIRCPRCNLMWNIIIPKVSRYWCWSNHCWHKLNIFSFL,AFP
LVRMIPNLWDMEDLACAILGMWRSYHQEQPKALQPG,AFP
VENFNDFDSRVHRTMITMFETLAAF,AFP
PHKSETNTMGNCRLTYIWHDQSQEYRFDIIYLIWHHCA,AFP
RKQGARWDTIPMLENVQLIGVPQRHTHMRTVHPWCNCPSKYTWLE,AFP
YIQGRENECEDFISQANNCISKLWWYLADQTNRS,AFP
SAEPISDQIPTEDAHVQPMWHGPEKSCPN,AFP
FVDGKCWAHAKVQARFDFPPMRFVTDFPTLKL,AFP
KHYVGTSACYQTITDWRSCRENWSLMHHWRMPYADSSK,AFP
DLFIVFSWNGRPWEFLIGEMHQFCNKNFPFWFNDTRWYHKLESEVRITDLKADQDIGPETCQM,AFP
HVNCWLQHWRQMDTCFYLHLMPCITSESVLVEQEVQFKVYLHRMRRRECDNVCDCAMWTGAHITFQNMSQHLVAKCEIPV,AFP
WSNPHLWIEEWYYSCHSDDVNQPWKTIKPQKGFPPCALPALS,AFP
RFIAAITCWEEKIFLAYVHWEHDKQY,AFP
NDRRQCVVMDTFWYRKVYFMPELLHCNNNCQHMSLIQVHYHL,AFP
SPHIDLETMKHWFGKLNRVMHWWISHTQYQHFNYRWQTQCDMKDLKLTSYQLAQCPFLFYDFHDGRHADQQCPIFDEMCS,AFP
LDAIMDIMKVMVRVANVENQAHQKHFT,AFP
DYRNFWNTTQVECHPIYELIHMDMATDKRHMFTEWQMDQLIERKVNMPGAPVRKDNQHLESTQDNMFFG,AFP
CMKKIYWIVGYRGNLIRVPNLAVWSGVK,AFP
NDHTCRQRKVKAQGPYMEPRYCQLRVHSHEYQDP,AFP
YKQFEGFELTLVQRKTQAQACNQCFWN,AFP
PQNDKRLFVWIRAGNTVGKHMNSNWIDEDFILAA,AFP
LVRIKFYCPRKAMITAWHQDQHQYK,AFP
WSGVVMIYHMAGPTKCHCELEQLVNRAFCFKMKEFHFRVHGVPATECHIFIVAIQSWEGTVWQGYFIEWVVGFGDDWGEWQYDFNMALKVTS,AFP
TIQEGELNAIDDQYGPKRFCKKYQDMTLIDWANKEGCLQN,AFP
SLVTKDVMEYPYDIDALIVIPIFEWVSLWPPWKKDTLNRIREFKRYPNDMLYGESHSV,AFP
DGVWMCVYPWPLPHHRRLDIYPDARCKQKEWQKDVGKM,AFP
GMKGLKGRMPETLGVLFFSCKMRWSMENPNQRPN,AFP
SFKDSFADKCNHKVHSTQHILNKWIHQISEILCIA,AFP
RRMGIHMYNWWFGPVYDQIKYHWQDCGMFGGLRFEMACPAVVSQPQYTKPPLDHKVENVNLEYVSMATEDVPM,AFP
TCILHAQDRQMRKVRLRVLHTEEGYY,AFP
PESPLYAVHCPFDLIFLKRMPYTCHHLAE,AFP
NNNMRASQRLRVFWDPGRNSQQKFQNEFENIQPSMKRFYPVWDWESTR,AFP
DKKLLHPAKIKTRMWEERMVEHYYWTKIRWLSDAAYVNNMDSWGDPNGGYTKRLQRKDTPVDIK,AFP
HGCPNTSHEVMASSIPGNPMNCWLLQMTM,AFP
IMRQWCGFRGTYGDRRYITWTGITERYCRANDRD,AFP
GQSFPLITLYVMWALDCHWSFFPFIVGMSTTNQ,AFP
LWQCAKYHCNAPYQWEPDSIMHDFYYGQGQP,AFP
KIFKKDRKMFLALVFCWRFAYSIWSVMRGLTHIEYQTRCEKGDCAWVWSI,AFP
NWAQSPAEQWAKIRPPDVVYEVPTRTGWYCQCCTACSRQSPDQLRYMIYAPGQHQCI,AFP
TITTISLWTARPHFWWQQETCSTIMMMDSRR,AFP
LEESPRAWPYNMRYHFSMDIMLAQDWVWNKATFERQYTDHIFTAIHPLMRSFHRCVCRYCKVCLTFRKPW,AFP
SGYYLNFCYPAYFSDHRKWWCQHSLNEVPACGTSYNATVHPQVQVGEWATICLNMD,AFP
WEFQHHSFFTCCTVFSDVNQVRQDMGH,AFP
HVWHTILAWHYHQPGGTTVGEQVNHPHTPLRVEYTLLQPEHRYWYLPIGHCPRAQIDDAWSPKSRHNMRIGRMLQI,AFP
DYMQLMGACFHDLKVDPGKYQWAHGHGARHMSFGHGMVLLWFYGRCIYQWMRESHWWRIIKTQPYNWMQVEYCEIILVAKGWMHTHEFRMCFDDY,AFP
MCNQRPRRQAIQQPRGGGSRWCARIFYFDILLMR,AFP
NKKCDIVMFQDHAVVEGKVKSVLFYT,AFP
WVWQPWHELMDDHVQVVTEGPMITKGMFFNKNQLGKTIPIMDVGFTNCKLMACCHDWCNRQKWSVA,AFP
TKCDEDPAILEWICKWIRTDYCIGHTD,AFP
EVMWSGEGPTIVLPTILMSKQDAMPLHKSPMAM,AFP
RPMNHHHCNTPPPMHIHCGRPHNDAANYVTEVSAGCHGPECQVASDRLDILPIGRQHPIQFDTKK,AFP
PRGSFWNLFLQTNAADAQVQVANAPECDFHPIETDDNN,AFP
CRGHNRCECCVEINDLRQHYKSGSEHMLHTKLEKKERVQGNGGTPSHEYMHRC,AFP
TCAYPLNCPEGSMYHSIDFKQRNWVTYYTIDLHY,AFP
IKIIFWQHFRTGLYSRPTSNRWPMKMWAHDGIMNEWFDRSLANAALAKCGQYKEKEGG,AFP
SMAERYQGKACNWIDDQQHDNLSFMENDAEKYEMWNEAQCNLDGVHYAMTEKGVNCAAVMTHATNKHDWFRR,AFP
GQSGFLQEADSPEKSKVCHTEPGESHVCMQHLTCYH,AFP
AMNGEFVFCICVIFWCFETDCERENYQYWPGC,AFP
GIAPMMRSSRNPTMSLFGFTYRLHHVEE,AFP
KQSKNEMYAGEQYFKGWLLWPDEICIQLDLVQGWGHVKWMCDDLD,AFP
TSMYTVQLTRRLKCTQGEYFNRKEENVYLTASI,AFP
WPVHAYHSAYDDMECHNRHSKMAAV,AFP
CTMSPCFAWGPWPGKDIFMGLQMDMEHESYSHFAYP,AFP
YHHMWLWTIFFIPLAWMPRLSGLESVLYVETWGTNFLNPEHEIEGWDMMMAVKHFEMHNIVYIRACWCYR,AFP
FFQKTCDGCMLEHFGQHQNCTEEVRERVFNLHN,AFP
TNHPYASVDNTPKTTCCIWSADKCWMWRVRDWNTIRMHSHMACKHQSDFNTMYLEQTRD,AFP
GKQTQPWDFFCSFPSRCIQGGKKTAHRL,AFP
NKDGEHQYNLVTPNGMFMTAYYGDGQNTMGLWCYTKDSGFTN,AFP
NQQRYIAEIKWNCQDLSCMIRVRTQWLHYHAHVVTMPIKKSDMSYPEAAATARIKIMQYQQDCVVLIWYK,AFP
PVKRLFGQFLTKMDRVQSWCCVFKYCAAFNKGLEWILLHPQ,AFP
HGLCHIVCDIQCLKMRGADYWHGASYTDGDQFSECMMDSHDFLPWIDADNWKQSI,AFP
TCFCIETQEKWNDKTTNVEKFDNVASAYR,AFP
CPAHSIRPAHNEPLLATTHPNADFGRGGDWAVGRPCLQIEYFHRTEVTWRYFPMCAICSGPSS,AFP
RPKFSGKYAIPSCLPITMGGTYKVRQYHPQKRQAQSKYKCL,AFP
EMQRYQQRQGSIVMCRDYADMCSSRTQVFWQPHLPQRQ,AFP
DLWMSNNPLCCPAISVHHKRIDMHMVPGRILLCQQN,AFP
ESQQKFSNKPWLRADKFNQADRLHNE,AFP
ARTNIYMVELNGHSNCQVNWQFKYQSDNKHFSWGQMHANLIPIKKAH,AFP
ETKCIYSTYLLHKVNGNKCVMMPPFHLYMEMFVETVTRVYTKRMWGDNRLEGDFRAFGKYEPLVFG,AFP
RHVCESKWAKDLQQCWAGKRTNLCVSFW,AFP
AYGCCPRIGMPPDKFILYNQEKHVL,AFP
HSQPFCGAQWCQWWWFMFASAYGPYKACYLAET,AFP
TCSRWYAHNPHVPWHPGWHHQYDDGTIPNY,AFP
LMDSSPCKLDLEVLAYWQYNMWVIQNECFPYCLVYGFQLYEMGYCDVWQFQDEKNGCWQQAPEHM,AFP
RPMYINWQHSWAMNCWWNKGFQWLMG,AFP
KAHGWLNIYKYYGVDQPGTYWALTVYQRKYTHEISERCL,AFP
FNDWVWNLSAQLKYMETLGLIYMVDLT,AFP
AKMAGLRRFYTTQNYFLNMWVINPKVVDMSPQETCI,AFP
FLWHKTSNRMRAPLVDQFSFICQFGDMK,AFP
PLYWEFQIHNIQRGDTTWENDYVNYIKVNVGPTKES,AFP
TMAKPGLPYEIFICWLQQIPHRRKRSTDIRHVCTRPSV,AFP
ENLTAMMNPPLKQGCSDTQVYWRHVL,AFP
MSREHWMLEIHIYWSVTCAMTCVIAFYR,AFP
CGVAREANPMQSWVHAAADVQEFECIAFYHST,AFP
TETIMQLQSIWKYYVRDDTYMYLMWNFHDRSCSWCCAMEITP,AFP
GPRHRIGTIPVNYMVCPVHQNIDYYIHEAVK,AFP
MSAGCMGYEGVHLTRGSQQIRDAHIYWTLTRGELT,AFP
HNGMVSEQLTLIDVSPPINTVDTHLIHSVENCLVCIDKDGYPYRIMCTRDRGRIGWEKRTMKQEIQEWQAKDMCRDDYTMYSY,AFP
RCLRCGGGASGMGNGGVMDCLTIFMETMLLNHVRWGMGP,AFP
TTYPMRDHQVPVFHPKEPCEQYGMDPVTQN,AFP
VKWRKQGGTLTGFLYPQWMHDMWVQSGKCI,AFP
LRGGRDFQYSFHFHMYCWRNIRRELQD,AFP
PAIANEQLETSGHAGSVMMTYNRCHNTVTWHENRWELLDDWQVWAQPPVMHQRPGVDMGYNPWYWRLS,AFP
FGGMPPDWGNEHDWIDWIWTPHKHFVNKNC,AFP
YAFKQTKPLWQPDWWGKQERWDYRSPSVSWMFSE,AFP
IKQFEQGPCWHTNKRHEPSFERIGHEWKAGTF,AFP
CCDWWKMMMQIMNQCVRAFLFATIFVAQTTCYSDYAHKTTPMCRPEGPPMIIDPFQSRVCEVLQTPAWSPERMYFTGIREQS,AFP
VKFKDSGRKDAAWAASYVPCCNQTYRVSERSQATQNTIQIN,AFP
MVGKFEGRKDAPRWRLQLGCRKSLRAEWHTHPYSTPIMEGMGRAANNMKACNGWVYAFHQGNRE,AFP
YYPRVNKIPEIDMTDGTALKPLDAEPVEHPEQILLTNWNEANPQVEGQEIA,AFP
DMPYWPRIDSNHQFDELDQHHSDVRLE,AFP
GEMICACLVKGLCQQVYVMEDSYCA,AFP
CKHFPFRTVNYFECLVRGACVQLHAGMSCNCMDAYMPYSKWKIE,AFP
KYHNEAMGNFTMHYCHPVAVECKGHELAYKDIQFQMPASHVQ,AFP
QVYSCYQPNFRSCVWGTAWDKNINCKSYITRPNAMCMQQMILSSVPWQYIRQWICPKIAHSFSPSICDVAHVRMRRMTPPNLG,AFP
IPFDQTYRLSVKHYPMVSQIVMVCCQICGDTSCQLIWGVFGCEKDCCG,AFP
VTPHVCKDINFHGYQNIRFDQHDHEFMEELPVQEKMQGGPSPCVV,AFP
PPAKLQCDQPNHYYQPPFMALLDQELDSMKKGHFNYWWEMRFAPQDSWYFYKDIFGQLDA,AFP
CSNFRRINLYMEPVAKPADVIRDADMWQMAAKEIFFAFWHNSDQVRWCSSVRHFM,AFP
TSSQGKGGEVTNWLWVKHQNAVFFSTIGCWSSPFQRFL,AFP
YWNKEYPFNTVDFSDDEFLSMGEVVFHEDPYIRSRDTWMWAHCPFRIQHFHCMGDQLKEHFVKQSQPVAPMYF,AFP
WQQVDMQMWFEYMSWYCNIQCNCTPPESKNLTELKCDIYPHK,AFP
VSTGETCNEKSMGQVSTFHVGPMTCQAQFSDYMQENID,AFP
VKPCKHPVSMRGYCKLLWNHHWSFLPDYDRIWTAGTDKDSMKQWQCRCGG,AFP
NNYECLFCTELPWETMCASIEDCSVQMFDKATAWAKARCKKEDIINKFSLWRTFLLIYY,AFP
MWKEVRYGMGIPEFRSMKLPSWVQTEE,AFP
LSDVTALLMCKANENEVANAVNNHQQHQKCYS,AFP
LRVLKHSMQWDKWNKLANITFWMHVIQDDWFDPPMNSLKQTRCFMEETVKFILKARS,AFP
KRLCLPYHASDWYLYALYCLRSQQRAHAPDRSDGLDMRWGMCVDDMPCEITNIIVFAINFPHFAPNVYVHPQVYSEDPEAHLFFRPGIVKDGIQMMIVQHNPHRYCCLFKELFDASAHPTPYWMGFWQVDCCTVFKEPYCNIAFMRAQ,AFP
VMDCNTFMKAKFFSAIQNVNSAKWIQWMDRLTMRDFTM,AFP
GENNPAHYMEHRTDPHCSVWYSNMHCMMGNVPLDVRP,AFP
PWYNVTYPKDLNFTNSCVQFGKALIYER,AFP
CIKYFHQDVSVRLHWRCWVSEISWVISAIACLKHVQNRAPECKQFKEKMFQGDKISRYHRSIGMGEDSCGADNFMY,AFP
TTGWPRQTAEVCFKTKSLPQCRRKRYQNRSNDTGSDEWLKTSRLWN,AFP
YCTMRKRRVGIRPIVISMQGCRANYVLPMFAVIDHNLCEYRMQKMTNTINEDNAG,AFP
KWPPFLHWKPTWQCTDQTNHNPYNRARRFVFSNADGLIYWEVVADVL,AFP
IKHYVCPEAEAFWGFWLTPPHYRDENTSTCKSRSQQLVIM,AFP
IVIVNKKEFNSGDAAADCEWDTMAAPLIEMLQWQFMKMGNQFYLSLGYRNNVWGNNLIQNGVLGQTKNLVYRVQNAYPRYNNGEQAAPSAADFPPRNGRN,AFP
TEHPSQGCWEYLPSVEIWVIADSNQSTMDCDETKAAIREGNRQSIYLALNITSCHPFYSQQNYREDWKMPRTALPQRLAHYYMASLDNSYNQDE,AFP
VQWKSRYFMCWRNQWNEFWAALDKPLTMYWSGCEASMSTWEDHYRYWGNLRMELHHVCECVPS,AFP
NWHFFWNQAHKMGCGQCQANTKQHRG,AFP
GGNLRQYINHCSEDGSYFHVFHAKPCSGDDTQPSRFMAQAFTVFDMDNLNLGEACNEFVYESIPHYENRCKDCVSYCKKWRDTPCPCNQVQRYGLPNDVGGVSDQDARCNMMPTFLNMVWFFA,AFP
CHLFRIEFCVRMNNQLGLEVPTCSYMALGQGFGLGHACSGPHTMAKHWMSEETNKFFLRLTGYWQVVMWNCHIVAMNIIHCRFVCHNHDFQMLDHYICGDQDSTGHCTSWELRYQMFAFRVISAAWAWSRDYFRCDGMMPSKRPNNRMYCGIETWINAV,AFP
RQRCWKGAACVYDTIMHMVCRDKVRNHTSTGSPGLT,AFP
IMETCNHHHSRDAIRWPNRLCPHPTRPFRV,AFP
SPGVDDLESKRWPIHSINWQPLLGIHKLIS,AFP
RCPNRVEKDWKFVMDCNAFFKGNQLHYKDEHPKRDNPGGAGGWFTNYFECGL,AFP
QQVADEIVKFCNHICGLWNHRPKLDKCDDIYKRVKWRSQDHNARNVSFPMWKPFNSNNCTAGNYNCICDSNYRYLAFAH,AFP
EHNSRIIKWPQQFNPKLILPNEIFWTGMYSIHKTGGIQNFDDDCEQNPHSWQHLEKRHKSSKIIAMVPLGKNWTHYFVGPI,AFP
TFQICWADNLPDCHKCIDDAPWVLDNHIPIRRNARPTNWNKNK,AFP
IPSKCKCKQPWYPLQYAVPAAVAEVCTRHCERDGWIHDWRWPCW,AFP
PCTTLFDWRWMNPVYFVGYMSHVSYVPARYDNCMFQCECAQCICSKSFMLAFETPPRKGRFCQGLHVNQVKCNEYCS,AFP
ISRSFVFETYNEPVGELIRWSLCYFGSDKDEYLLNIECPCCHQCPSAHNGYHLNTTDYACPVSYAKVYEQDCSVAHHETFTPHTHWFAYRPRWKMSLSAY,AFP
SFTGHRIYSGFDEKNMKFHQFHGGYPIASPSIYRGV,AFP
VRVNAADRTNTLQVGVMVCEKTCSRVNTTMTNKPVYTFNHFCIEFFFKLYHECKFFAWPIMCWYEVGTKSQNLMHDSTCNEKWVYYPEVVSYAGAAMYWS,AFP
MLMTHLNKDKPGPSCHCKHHGPNICLNMYSRPLFRQQKKCIDMHEGWWFCFPLMYWKN,AFP
HPSKKQNKVACCQCLPDQLRGTRFNWDGSVY,AFP
QTLSQVWMFCKQNERFKMSYVRQTSRTCRGQVRRAWSHPLPGQIELIGTFDEGVWNAWCYIDQKV,AFP
IDGWCFSIDASHRNIRATVSWRCMANEMRYQ,AFP
EWFIMYLNGCQVVWYPYFLVIYNCVQVLREEFCCYGCYWGYNMKLLQVDYLLCTLPCWSMRPIQCQNYNVQNFTHNETHKH,AFP
IKSLSLQNMPTTTWDQYVRHNCWKACMSQCVEHSNEMDGVLWESYVKQ,AFP
VYTLRSMGTPKTHEVGCGADNLCQKKTES,AFP
AYSSGFICMNRTGREHEHYHVTSDIKM,AFP
YLSDHWNSGKVRDTVCPDFKKVEGEVGRY,AFP
AALALTCYTAKRSGMGVLEKIKTDLVSTSDVPLPIQFDMQAMVEHCGQMVFRESQCGQNMDKHE,AFP
KLAQLRYFFWPDWTSPNKNYYLELKLAWRLHCQYYCVA,AFP
NEMRWANLENIYPYGFIVPQCCERFVHFVGKYDWAYHTYWVGTFVMAMTLNRWKWRRCQPQAKHAGTGGWTPHDKEWFNHTDCNRAVQVNCSQTEIL,AFP
DTNDRTTGTKSNWESRYKMKTKIFRPNHRRGDEWSGRLSHVKKW,AFP
HFQAIQANSMKKDAHEPELHETHANIKSRKSPEVGGWAYELHKLASHRHGEHVQREITSEIQVLCYFWVLIKGPS,AFP
AQIPPPQHPHRLMNWVRDCAYNRCAADGHNRIFWVHIYLYSLMGQFGLMY,AFP
WCEITLAHIFKEFQNPERNQHARRPNRLVQHDNWHHIPMTSQAKLA,AFP
MVRIMAFPWILKKMYVKAGLDKIGIAMNYFEKDMP,AFP
KYPEDWQMKLHLLRMIKWQGHTQTHLIVANAHWSVHWDTPCVILQRGWGSENK,AFP
GPHKVRRWGKGSSYPCIELDEIMWDSFCQELEEEVFRVTVLFNKILIWGFFPFYGKRM,AFP
QLLVVWQKMMHGCWMWVVPYWETWLTKWNQMAQM,AFP
SAEGCHSPGFQAINHPMPKIYYSVRLR,AFP
PHFMTTMTHKCIPHRYVRRENDLPAYWHEKQDQAWTSEEMMIINLANMACNYDHDEAMQMGSCE,AFP
HWWAWSRVIGFRETECNLRIPKPHHNEKNIAKKF,AFP
GHIPTMGDRQWPLSKVLLAHRRYQRRRTHWYQDMEYQCHMCNFGSESWTQS,AFP
GDRNTMWDHIYLHPRQYLEILMRVDQWRPVCAEADQANLPYSRMAEPMCYGVWCGWPQPDLCSAWPNDKTAVFLDCNYKRQTY,AFP
PDKLNEEDFREDFFEWLDPDDPHFVQGMKDEFQMSTS,AFP
IGVATKMHVQFPSQQCCDAHWAMHATMWCGSCKWLGKYAEIDLYFMRSG,AFP
YCIIGCYYAWGYEDQKIMQCTKICCVAPTRC,AFP
NAGSVYGDQHFQQNNSDGDEPETYCLRVCSQYYHEDYCFYSTDKGFGCSMKGQPSEWQDFNHVNKRGKCSVDMRFKIRPSYQMSSNQAFY,AFP
PMYCNNSVMIPRLLWAHLEEVWDFFAEQAVWKAFQNLFNEMGFIFNNCYRDANTAQDGYGWLGTTWHYIRPAPTLH,AFP
MAFFNICWEWIWWRTTDWPVQVGKYW,AFP
HPLHPQSNRGRYHGSSRSLNTRQVPT,AFP
IKIDQMLWNWEIKHDEQAFQMCQNEYANRMKQVEDKVGDGRYMRGASTDMLYHLMGLQAFQPRIYQTIPTPASRLENEFKV,AFP
EAVGVFDLLNTDLEPKMHVVEKVWSLIWSEGYCEAEIATWGRSLESGPNRCSTWIKNVCEKGPVHAKNSPTGFMMAQIVPFPLSFWHDFPHIKMWCFHGQA,AFP
CMMFVQVFQCGTRFYWDLTLWVWEGPYP,AFP
ETIAFWYFRMEVFSHFCMANRKRIFGVD,AFP
QRKSIKRLTLTCFADPGWPLFTYPPAHQ,AFP
DSAGMAMWPMTEISPRTQVNQWPRQHNGDWWGEWRTHADTAPYK,AFP
PLYMYGATAWGMFKPFRYETCCAECACTKAKSRISAGKWNLGWVYKPNFASKYGTCYHHAWAHDWFGSRPDKPSQPKCLP,AFP
FQTWWADQGPYCDREPFWKFLERRIRDIFDTKAK,AFP
CPCYRHEWFTFMRWYEHADAQNKMSAIVL,AFP
FDGILVLGMHRMDEGTPDRFVHKHVAIELEAYWCG,AFP
QIEWFWQNFGCAYLIWQLMGENHHVICRQP,AFP
MYVYLNCCQWNYHKSENIDKGCVHSQTV,AFP
KTTQRPMQNLWCQQRRCCCKDGALGHSAWKCDQHF,AFP
GSCHLWCMCVHTHSWKSYLNRHLKTG,AFP
TACLWVWEIDDYFTADGSDGWYPKQTRDVWWTMAQWLFKVPPF,AFP
IEAFGLECNHTVCSQTLQAASQGQDGMPCPKRLFGCDMFPV,AFP
HILSCPQPIAKSHDGSPELVQFRDF,AFP
SGTHYYKYVGWYGVEYMGVGVFNIEHYCKNHTHQLRDNCSMPKHPCEQI,AFP
ATFGDRSMALYHKQHFSSPYALQRPDISEPL,AFP
DRWICLRIRAQYSMIRLLEDKTDEKLE,AFP
TRWDIDAAKRNQATPVMIFFDPNRRMTEELNMVPKYHAPGWLRLGPFQQMHY,AFP
SDSMWPACGVGTLRHLMEKNAKGGIKCMPTIWIKVNRL,AFP
FAGDWREKKFMKSVRAELALAKWWDPVFHCWHKSSRCREETYRSLKQGFCPRY,AFP
EINMYGDDGWGKYISSWGLCTRWRNTLWN,AFP
LTMNYSNKSMTESEASRFHREPYGCGNEDYI,AFP
VRQLYYWDIIDSCYCLDHNNTWYRQHSINHDGASYRHWMIFLDDLQAVYQECLPALENHKHEPKEDCF,AFP
WPAGIMAIKKTFWGLNRNVPEIQMDHCSVYVATGM,AFP
WIKNAHTQNGKHIIPSREVGEPHWAPTRKRWSNHIP,AFP
NWRCTPIPVSLVANMMWETTNCCYWSANRIMCLTGCNGNHCVESGVWPGTLWWFIMSAKQWDLRTYERQCTEWGIWSAKMVDGIQR,AFP
HVTMCRKSRGKNISSYSRDPHRRGK,AFP
RIDPAANMEPAVDQQHKFPGWLQFCFANGRWFHDPRTMFWTKN,AFP
RVGFFHQYHVCDTNVILRFAMNQPIGTCWVCEWTEFGNYMDLRYQSVT,AFP
VCRNFSMCDEGCMQQCPRLAGWIWWCMNPFTMVR,AFP
YWRMKGHKVNKGAMYFEAWNYCDIMFFMVYKGLSCFERFSRCEMVRLPFECRAGSYCCV,AFP
EQDDNHKTFIMIYSCRLLLRDIPAW,AFP
PKVLQLHNTKISPVNHENTFNMRCSWSCHCGGCI,AFP
HVISMIGWERTEHELSCAETEQLCRRLMTCMEMNYPGMAPL,AFP
MHDENAWKTGKNIHNQNMTKMFNNTEREWEPGDPRKCSIC,AFP
NEECIALCEDQKRNSFLMWKYWDDNRIKDHQ,AFP
YDWEWAKLRGPPEYHNHPCIPYYHEPRPSKLSWWQME,AFP
QNVRLLHNPKTKLYWYSHYCEHFTKQTFA,AFP
FHGQMFLRQKMYNCNAWVERLRGFM,AFP
EYSGLWRRWMRRYLCLKWMTIGDIEQDA,AFP
FCQLQEWKTIAAFYECCLESGACMFLYAIKESYIGD,AFP
NSMALLQRHWWMWVLSPCGNWIYMYPII,AFP
ICRGIFDKDWAHPWRKYMQWSRVGAHYAKKYATLRHQLYMNFLWTPAWMVEWWNADHGDHTWLYEI,AFP
FCFPRCTICMALKGLGDEHRELMKGLAQRYDCAAEKQSDCHNPEHNW,AFP
HMSYDRIKFPEWCPRWLFAFNVSYGVWMDVYIKRRS,AFP
NVRFCWSYHERNHGNQCRKHWLQQMYLIFGYSHYCAPNAQYP,AFP
RISCSHGGYGFIVRPNSPFCNESCWVHLYFQ,AFP
QYLLAHRRKHYAVCECCYRFVKGADHRYPIHKCNYAHGNAASDTRMVKPMKK,AFP
IFVRRWYHWRCQEKLDPMHQAFHHTGQCHMRAFSYQ,AFP
FEKYVGFWSQAIETSKIAMMIFVLYATMDCWMFNHTPADAKMSQWNWWKFWQALKHLAHVWH,AFP
MTANLFNCEVGYNTKRWSYCHMCTCAGQM,AFP
IRPACFVETQIWHQQALHLHEREAEYRQSIQRMT,AFP
IQPWVPTYQTEKHNRPSDNGFFQVSWNDTVYDSIVDYLDCGTWFDSDYYDTMRNKNKDMTFWMPSSMNKSSIQCPNG,AFP
GDKCGFLYLNVCICWKQLCDEDCPAQRNMNVMEFFEVEEHWHKTD,AFP
NAWQMHKTQGIYGPGPGKEKLAPRWMYEWGEIVLLTCSRSGLKENRPEDLDRQG,AFP
YPANWASRGQERHIQDSVFASWSIII,AFP
RSVEMGQSVWEYQSHFKCFHLIVPL,AFP
DCVQNNQVKHVIEKDSSQDDEHVWTNGRHNWNIHDEPACTWCYYFNMTWFQC,AFP
VEWWLEYCPQTKGGNADEHFHVLAFEQDHVWSLPGIAAEN,AFP
GYEPDADRMLVREKWENKHSGMGHIYMSQIMLTETLNCKI,AFP
LPTYTMHVELEMCSIKRQEQYQHMWWADYIFGHEKYGSHWAMYNWQILCDS,AFP
KSYYHQCLMKGIGARPIKGHPHNMIHECVQY,AFP
TIQAQKRKMVYLVMLQPPMQMAFKMEMAFKNGEVIVGALNCMQFLYSTEHWWHSYLSTHPIRQPSMNINPMIKGMAWPNFEHDQTLTCKPEKH,AFP
WGYGPKITWFGFCRLRREPIDEQYLEA,AFP
LGGIGIASELVWESAERLFRETMYNPKIYS,AFP
AVQYLPILGRATQYIMIVVGMCALHTRM,AFP
WSDPKTPKWMARRAEYIPEKPFVTLNYWAEDLQRVTMLKILRA,AFP
VMGSICCLGPINHEAMYDTVPSEGKVEDAKAMAIKECPMDRKTQFVDESYGIAMWQGRAENEYNWMERHDKQMLFLWSYIWEGKRRFYCWVAHYGCHQWSRWSISPPPCSLVNSGSYRYSTGTHHVVFCTGERSNGQ,AFP
MWLSGHSKKKWCVWTQPICKFDPIHRSTLAREWKDWQDPRVKMFILYC,AFP
KMNYKWWRGGWKMLTWVSWWRVHINRQQHRFNDMFSMKHGSFNSYLSKVWIHCGDDDQEFKISRVIMM,AFP
DNDPNQHSCVHFHMYSETRCKHLQCIYMNLLVSMEGKYNNAYMRTA,AFP
AARLDKACFKRATEMPQRHSKHKFAERTA,AFP
RGLDAYIHQYDRETGSTAPWWSIPDEEHIGTILYHEAISEHCLNRFMQILWYI,AFP
YGSFHMTVGVCPTWDSQEFMADVPNLGML,AFP
NWSHQMGSEEQQKDGVTGDGEVYNGIHM,AFP
ETMEPLIELHSDLLFMMMFFSHGEHIPEIWFYHRFTKSHMH,AFP
QACYVDGLTEMGGEHCYEMMGDEPHLSSETTM,AFP
QESTPALPNATRNAWRKNLIIKCENRMDCDSFYHAVLSNNASNPEDASPTMHNITNQAEN,AFP
LVTRFWAHHLARHCNDLTSGEVTNCK,AFP
GCRNCYNLDSFIAAVDFQTQNQELARWFN,AFP
YSDHCDMRGMCAWCGSCLMSEATKKGGDLSPNAQIESKWAVHDGRPPGPRS,AFP
DVWDFPCEFLYLITCHHMQMPPCYAIYYVNSSPKEACDSQMLTCIYNFI,AFP
RIYPCTTGIPASECAKRIIYFTHYTMYLLYNP,AFP
CPTAEDLHCVMSKKRFELTTDPDSDVESSC,AFP
DEMQMRSMCSGKFMTKKSSYECWDNDIAPQSIIMLTK,AFP
ISPLLDAMQKQTCLRLYPAHPFPIMKIIAFSPHMHTH,AFP
PALVYYGRFMTGKILQLQNFYQMAIGLYYIISCYRTAFLTGMWM,AFP
AETFICNHRLHNKPMYLHQQYNDMW,AFP
FHLADGGTKLGTSIFKFMKAWDDYHFKHTDLCTPRDVGTELADCFCKCQRRCTLPFYMQQWIKSAWWVVDSRQMDDHIPVAWMEEHQMPRKSPKEGCVTPTGTMSRWWTGCV,AFP
IKEKFNEKPGVWTHIIRWVHIVMMITPE,AFP
EHNWPKLREKTNDIWGWAVESQWRNSFTTDCMWCHQWL,AFP
GFMELHPCGYHYASRRRPWWHRTVLPFYEMPGFYSLSRKY,AFP
FGNPSKETACWTMLYVRHRAYATQAKYWPWVMWLSGIFVKFRHHYVEISNDFRKECYDWNKMDHKMGAYRTRAEWCCVRDTMHVDTKIWKDDFYCTPAYLGYDID,AFP
MVKPNIMTLYYQGEHESQIDVCCGQEEQ,AFP
RLESATLTTSRCVSWVTDDHQVQVFKKDFPSNVPM,AFP
TCNACCIIKDNGAGVTNAHHMMCTNHIECWFNDPHR,AFP
CCMCNVCDIPLDSICTKMYERRWQYRSRFCHIWFGDDTNPFKHNEDH,AFP
NPIDQLYPHMSCCQMNARTMWYYQGGDCCMFMAKQHCTRS,AFP
AIYKPDFGFNEFANGANKRLSLTWNLDFTFKFYHA,AFP
YDLPDADGCITMDARYSLQCHCPVMSMI,AFP
DFHARYGSFAPNGIITHPVNTNCMRYLYQDN,AFP
VFLCVEYTRDQKKYYVQDVYAHDKRIHKAVVMVSQWFTGRDYECKERHTGRVSLFPFAKKMVIWIK,AFP
SWQGYDYHACELCVGCPDENSWDNPTDTMTYPRWVLRER,AFP
CEAIWSIKASYQRTKHIQVMRNPYWYQNGAYSCNQKAIFEDGDWGEAEKWYHKLSNHAMAI,AFP
FCGWFISKGSKAMWAICQRIGSEEYSDSAPTRDYMHENIYSINGFNWFENTNQNY,AFP
DMVPLTGQRIMMYVKFKALHQHAFMQIFGRWTDECDKVNYSCIMM,AFP
PALSFRTCKDQISYPKQWFGLFSMTALC,AFP
HSRHFSMNFEETMGPFIYDSGCPPHRLD,AFP
AEFVYWYVCIVEGNCEIALKGEMPTCHLRSH,AFP
YDLRGQAPYFSGNNMPYMEIMCICAMIHGKHENPNWCRTEHK,AFP
DHDQEEEFSLTTYSNCTKGSNFHDEMPLLVHCQMWIRIEQLEKF,AFP
YVIFPELYQQVVGRAHGYHPGHYMTAGFCNKWF,AFP
HSAKDWSQQTAVLWHCPCWAMVSSHNRTQRIDMEEQVWDRFAQRYPEQSQYMYYWA,AFP
THNTDFFIAPQRDCRIMGHHNGQSSM,AFP
GERCWCTYVSINLYPYHWSLKFMHKWYDADWVNIWNICLE,AFP
VTTRLQTFLPSWYFKLPQHCRLMNVFDH,AFP
DSWVQMASQCWPPKLLSEFAQRCPDPIWHLYCQ,AFP
MAGDWLYFMIAMRVYKHAAHWAHGTSY,AFP
ISHRYKINDGGMDFTVVCLWIPADMGADTQGRREHM,AFP
CPYFWLGVCFFGYMGHNENSTWRRH,AFP
WTNAQCKGIVNQDESTVCKVTVPLMR,AFP
AVCHGLAWKTQGSANARLVYGWDESGGHV,AFP
CMLCHDWMDFENTSMEFCMSIVFHAWGYITQMRTS,AFP
TYSWAQRILQPSEVPMNCISTLHSEGRERHMMPVRCRTVA,AFP
QISWFSSLHMCLNIEMECCQVITFNCNKSWPPDEYHPDRIGSNMCCVTTEWCFKSLCKVVA,AFP
DQYCPNTHDKREADVCFQRLFWMVITWLHLRIKQDWFLAPMSVNQMMWLEMSGNRPQWGMIMWSNR,AFP
IQLEPFATWMCDFAECCVLYEESMNLGKQCTLK,AFP
WCPLETDWDRCSIYARANEWRCLICHMSLSTGPIHCVSAKW,AFP
AWECFYKLGFDTPFSRCCSFWDWPHIIH,AFP
WNIGPIDKFKDNWYCADLRNCFLNPQCDVIHWHLRGAEQFKTWRPHVCVAVVK,AFP
LSFTMDVWNTLELFWVKDYNAKFFFCINTLIDQ,AFP
IHYDQEVWIMRATDAQQAHIYWGFSCEHCVCMTLELRPQTMVLVWRGYNNCKTWQFINMDKPAKLTTRFIDTPEPAKMHPEKMGYMQVYCNTGWHYVDCFEEFWGFVHQF,AFP
IWDDMCYITFCPFGKCDGVTRAPYWMNTIALVMPSEQNVSRGVSKLAAPMLVHAFFHRSTDQHNRSAYGIDAEWKWHVCWLSVTVRTCWHESPNSGTIKCFCYRPRPANCQCPNARMCDNMCYKCFW,AFP
CEMMYNQERNTMIHREWWPRPEWVLEDQFMENHNLLEVHFASVYRYHKGDPTRAHRLHFCIMQLPHCIWYLEIPLTMFAEVMLTFRLTPRRWFNYHL,AFP
VNPCPAPARVSPKEEWHAQNTPPEEARSFGKAFHLQFP,AFP
EHAFITAGNQSREEQQAVWYTTCLEHAWETG,AFP
SEDTKYWEFWNDVYLIVPQDFRCYTIWVVYCLPTFVDGCENWAFGFFPKLTISEAIFYSHIVKVSIVHISAGQTKND,AFP
SVAQRCKTLKESRPGLPCGRMVNDCQKPRRWGCMVSQI,AFP
YANRRNKEHDWTTPKSVVGLPESFKNY,AFP
DMMGQTADEKDRGVHMYADIHGRCAFRLLGDKEDMECRN,AFP
QQEHICGMNGSNEIWLEQMYRYPHCDRRGKRHVR,AFP
VMYSWQGWYMYIDISGNYRQNEWQT,AFP
GTERGISQNGDRRKYMRPWVSRTTQST,AFP
FFYSDTCWTQIPQGAHFALGAHPHEKQTGHYKMNHPYH,AFP
HIRKDNMFLWTEMVTNNTLLAYNIPSLDWCNLPR,AFP
SVGSRDVLFVHSYHPQTRGNRPHRQLFEEPKM,AFP
SQSCLEFVYQSPHCCDNQTCAWYKRGCQWDNN,AFP
VCESSHLQLARYQLRTQRWDFPADNA,AFP
HLSIPKKQNNSVPKNVAPGNHQRPVHRNPLHDSGRMSE,AFP
ILFCFWCICHHAIEVAISSTECAGRMISD,AFP
VIWDTCRLMRKLWQPIHASLTAACCVVYLICTNNFLFAQAEILNPRGA,AFP
NLNPTPHLPSDATERESIQFSPVLLHVLDMSNP,AFP
AFQDWHTRRWRTSSCNFPWKALCGIWCAWPCRCNHRQKIATWPDLCETCKRHRQYYPAQPWEYRVREKKKVMWAIHLSLCVEIPYDED,AFP
SYPFGNKGSTIARRFRLMWSDSPVEWDQFN,AFP
WQVFAITNLNFIHPPECNRLKMSGNVPFTLPQQDASHVWLLVQ,AFP
TDFGDVICMWTWDKVDWNSGRCHQPTNVCWSLDIEPDAFRDHHLVIERGFVYFLKPIQFVDNDQDSREVRMIFNYNWGRAPFWCI,AFP
DIGYESNDVHRMWMLHHCFGVMGDQCGWHVHAYRHHGITKYQGMPCNIVWITGGIDADEIMS,AFP
VLEGCYLDKPMFGDKKCAKCIPPMFDQINLEC,AFP
GWAEKPNAGPPKMIHHAQSWLSHHKNLNNYSMYECINDWDEQLQPMIAVFWEPIMIH,AFP
MVRCHGKNLCQMVAYMWAIEALDDKWMDDE,AFP
TNQGFRVQYQLGIVCDMWSVTQYGNQGCGIW,AFP
KFSGSTECIEQMRIRVLIMKNWDYRNRLTSYEPQGDIRLYQSTVYKETNDWTTSQ,AFP
YWQYDCKDKCHDGVGPKWTQDKENYYGNSKSWESM,AFP
HSPVAWHVLAPKVCCCNPPKMTFLWTPITRKSITHRFDHAKK,AFP
LFAMRFVKCKPWANQFIRDSVKHWHETFGNMFMCPSAMIH,AFP
MQEAVACIQGADDTSEFGHLACVSLKHPRKFGWWMMIKPYSCFSGVWFR,AFP
ECTNPWEDAQALSAPDRPMHVQRNAKPPW,AFP
KLTEPDSMHEFEYLAGFGKIDQIGWMGFQSVEMWQSGAFWRNVPGSNYWYDRPYRI,AFP
YCLFSLIFFWEVGISAPCNQPQCLWMVCWF,AFP
RMVPLEWTRYMNANFVGGIFPLLADLHCDPFFAT,AFP
GDGYVPYEWMACQQRVCKISMTQQTVYMERFMMSFWPPDM,AFP
EWGMLVHFWGAGYCGAIHREECIRRTRYDQTTWNPNCMSAWLRCCCRCCARVDRRVQSA,AFP
HFHEWNYWWFVEHLHGPSNINKVYIE,AFP
MAYKQDSPQQFCPLVGHEADYQSRWGECEEITYDATQMPNIHIIRPGSTCCMCVWPIQISLRR,AFP
TCSTSGLMHKENRQHYGYAPQYVSW,AFP
IYKNKDKGWYPNEDLNPRSMCNKNLYTCFDF,AFP
CCGLLTSERFAREGTVHTHNKKMRRFHQCLKTCPWAIMFCCNS,AFP
IRMYRLVVRVNAPHEVWGYIMWGEMKMTWLGFPKNPGVTSYMFT,AFP
FHNTMTHWNSQEFLPRTDAINHDEMHPPKYVPSRPQGSHLYDFML,AFP
SWSEYEALKSRMINQIPCFWCKKMYMD,AFP
IQYGQFFQKNQVDMMLTDSFNRESMT,AFP
YRHKGCAMHWFGDCNGAQDIVQSIKNEGHRDILICKYIAWMRGDWNCKWQLYTQMSD,AFP
WQAQWNVSFHVRYIPKKGWINAELA,AFP
VEKQQIWVTCEFLVVTITRAVVESRECCRSKNDWTRAYPGRVRYATIYWYLGWV,AFP
QDWQDCGTLYMCKNAWKGTYMEMFCYAM,AFP
DLVADAYEFWMYNWYSPLSQEYVINKATDFQHVGNVMDTYTIINWFWPVWTWLFVPNRGWIAFCGVMSWIIVHVAEGEHMQFVFILW,AFP
VTKVDAKPTARNPQWHMYRGYRLEDVYQSFQHPR,AFP
QTFHLWQWCMNKKQMLKSPNTLMAYLSYSKQPMGSNDSEFVYQYKYPNFFGDHNAWQDEKMCMGCMWPECHICWYSDSASETSLIT,AFP
LDAPVDYLDEYMSFVMSFINMWEEQQGRVWMFQDGFKNKHRAIMFHI,AFP
VYRFHHIQMCNFKYMFRLWGKACWKANNHTWHMCVGVRCEVQIPWSTMTNHALAAQAYHFQMWQFYFWPTWKNQLPEYYGKHQPFEKGRECPWICIVFHPYDWNGAMIGVCSFEDRCCYE,AFP
MYPGLLCDKTCVAKPRTQNRGYNQVDW,AFP
SQSGDCMKGFMGQWILAWGPGWFILVVKYMKPPMVVGYNYHGEWSHMYNVLQMDLIDHNQCVSKW,AFP
NCIFFIQNCRFRDCTHYGFCLSFGDPEWTDTKHWKILTSPYQEVC,AFP
SVIGMQLRCAEAVCAVYVRCGALAPN,AFP
AWFFYRDMKPHKIEVPNSWFVDMNIRIVVHI,AFP
DGILIFKEYQIHVPFSIYKHGGFLVPQNDCPYTENQHHQHSQVTWANCGGDETMNELTDDQGELFFIMTYPLMSQRQRNKWVEKEIKCMFCGCDIQNTQKQSKVWAQHSKMQVKSP,AFP
TWSMEYGRIYFLSHERMWAHRERVEYAQD,AFP
SSNAHFRDKHVDACTEMLIFQFSKGEWWRTNCNTY,AFP
ATVKIKTYQPEIRNNPAQYRLEFICQLWL,AFP
ACFSGMELISETQAFMELFTWTLQMARFAWGENNCYWG,AFP
IDGKHLRRYEEWRDTFARDCKLIELARMNC,AFP
SYRINMNYVQGPRSRSWPCTCEAAKVLYKAETSHRGQHWYDMKDSLYAFHFIILKDKTAQH,AFP
VFGKCINMSMPGFMRGAQELAKRYAWQ,AFP
DLAQYSYYFTLGPQMYRCYFMMQVMWLIGCNNAQVPMYSECYA,AFP
KDHEGRKIRFHHMWGNTHGRTMIGKWIPWGWHHT,AFP
VIWCDMFLEWDAIPKREEPWQLIPKTRTAIMRVLPKIEMTFEWGQGWWGTFQHKNCHFGYY,AFP
QKLNRMDLVFIQGTNEGIKTPEVDLPS,AFP
GIEIWEHVRAAEFMRDMRCPKLSKTRLESCCAQ,AFP
FYDAPYDIRCWHKEPSWLWRCFRHPTPPIQYMKDLLSRILCLAAMTNNWIFAL,AFP
KKIDVPHVMSYIIWIFALIHSAAAKAWG,AFP
VQANFVCHFHEGVGMPHVQKKDKHFNMWHDCTMPHCGVDNVYIMHKMQRCWCNIRYPRGK,AFP
IILWHFWAQVVQWGLRLLNKSLMWLKMPFYTDTIPTNIGDNAEGLAFTWDQIPVC,AFP
PMAFEDVYRMPQKCILFHITNEDKNE,AFP
YGHFSSGMAHQWDMDKGCARSGDTMQE,AFP
VMPEGHKWEEFHISCIGYLAFHSECPSLCGRNWPQQQFLAAWY,AFP
FPPNLIEERHFQQSKEKEILPHWTVEEEMCTAADICFYRFV,AFP
VFPHWPCFCAKHWTSIMWFLQDKVQWIKLHCV,AFP
FCFMQMHACSAFMKYWPELMMMEECNHISNTRFYLPWLQGTKFGSAQYLSMDINEDDRRELYDQH,AFP
GSNHLDYHWVRKIHHPPSLRNEDHMYAETDD,AFP
NCPFIKEKGFPQNNTHELNNAEYHMFSDYERP,AFP
SQQCVDKDRCVKRVINICKREYFGVATFLWCCLLFFNQTYYMVETIQVWRPSGGPWFNAKTAPNQPGAEPDTQMCASCNRLCNMKNR,AFP
PQQSFVAYTSGMQLKNFDCDKTPNPHHGMPDTWGFTD,AFP
AFINTWCFCHWFWYNVYEECYLRPWSKWFSEWITSTDMFIY,AFP
CPVWDIQVKTTNDPPENCLSRQWANLASFFHK,AFP
EVPYKPTTHASVVDFGMWYEAINKVKNHC,AFP
KQRFRHCWSHWLCWWGSWVRFVPTTFQYQRGDHGFPPLPW,AFP
ISHWWCLLQKACNIDVWGDCDRTSQHIKNNFWQQMSMPTHKLKYQWNWSNPMHFRYQDC,AFP
ARERNLNNPISFWTRYCYIVNIKTPMPIQIPWKWDWTTVHPMT,AFP
MYWCAPTHEAKGPGTFMDIVIHYWFFCKQVGRRSNKQLSHYVNIRLSMISWFKY,AFP
ELCCFWMQYKNSFMMFMCDQYMNDNMGYTQETWTSYSLQKWEREYFACIIAEGQVDYFNISQWWSYFFTELCPQ,AFP
DSSGFDMSLKGFHFKPAFIMGWEPYKSMPDGIKEIGPHQ,AFP
FRFILDHSIRKFWVMPPAIISVTGKHTP,AFP
CGLWYGGIECNGILEIHWLPGMMMFNNAVGYGGNHFYIVQDM,AFP
DGEQLHVNMRYSHVNWFLITLGRYIETNFTDQCNMLLKQPRYW,AFP
HSKFIDVWGPQIQKGRQIRYCYKWDT,AFP
MSVSCQHYAIIMQINIHVQYTTLAPFEKRCIGWDQNPWLQGQKRGIVFGAYFMVIIKQDVFRWFIRCRYCTCHGEYSEITRLDKNIYSNMIPFQFGFAAFVHWENH,AFP
YFSIGWYRNHTNTDYDTPQWMICANSKIAHMMMIVFTGIART,AFP
VRESYGNTHWVTVIACLIGPWAYYVMPAMIQLRDQN,AFP
HWHQAIWDCSKYGWEQDTDTNQAGHFGWWRENQAAGLKRANCWKWLVQNQVHFAM,AFP
MDIAFGKSYGIVCYRHKQPKLWYPKHSPDI,AFP
HDQTIEGFYHRSTTLAIWGYNKNDSKGRFEPA,AFP
YCLVFQWVRWVNKNTVGCSCMLINSMCKDRRQFYVMKV,AFP
WPDVRSNEWWQVPVNHENMHNHMICRCM,AFP
AARSGSKDYGWYGPFNMGHDTHVTPNPCKEYLGSHIM,AFP
HANMEMTFASSQYPNNQLLNYVDDFQPWAAWKCINAKDLH,AFP
AECVPFATVGAQWERVLCHVRCSMGKQMKMKA,AFP
IICVGVKQHFWMWDVTCQFISVFTSCP,AFP
WYGQYTYPLDIVCYMQNRERDHNFYGSRKVLINFKHFHLKCVRTSYHDVC,AFP
NTCMGDWLVRRIRGWGAFQYNQQPDGTEWLCHKTVA,AFP
KATHWDTKKVNNHVMRPSFEGDERAPQ,AFP
HVNCMKHQLAFTFVHQNREGQGMGQTVVIW,AFP
WDECHPYALNAFAPQTMRTRPIAWNLIHMFQGPSILINSEFNDFSHSLEYKKLDPS,AFP
LRKPRPFIHMFKRDGWPNIQLNKQDCDGESMSLSYMAFHDGNNHNFQDTWSEQHPILIYNCPMN,AFP
ELTDAVVLTHVEGITFSYNDPAYKE,AFP
TESALCLSEPMSAHQNAVNCELQWGNINSYNPPWQEQKKCWLPDSPQWCACCHHQQKRLEMVKIWKNEVSYLLYSRPGEGQFWA,AFP
GMSEYAMVKEWQDPDPIQYERSDMKDSRPASHDKEHYHIRSYKSRLI,AFP
PWHPFWGNYHMVVRANFRSDWHTFQHPR,AFP
HNPCFTYGGPMCEQHMMFKISFVKGRLSWGLL,AFP
NDMRLGAYTDFDWKHDLFEGDGREWDIFMEPHSIRNWF,AFP
MCAWRQSYTMTRHHAILKFLYMWPNEAEQQVYWSHCI,AFP
ETHQAHETKGCWARKSSWIYCMTPYSRIELRGPTR,AFP
PYQCLMMIQSVDPLNSGRQDQDLRCPRFAPSGLHREYAGHDQICMARHTITNFSCDDW,AFP
IVRHDWYIWPLSAAMHDNSSRPGIIPLWYMHYYRRHN,AFP
LDVSLFSPKLWSTLHMQHTYRHQWKEFANFK,AFP
KLFRMPGTTRGSARMHTLRHKCNHQIRFRD,AFP
EFTYWPTTQKPKHGFAQKTFRPNTKPWLFRARMGGMCLDS,AFP
QSRLRSGYNPEEQHNETYYIMQIPRYAD,AFP
AYHRDCTEPNFQQHEAVDLMQEDKARKPKVKCAWKWANNQNSCHERNCYIPFRRHYVLKCQVVPQFF,AFP
VVRGHPVLWSPMYKHQPTRICWNVMHEIQDEACIPQPE,AFP
EHEAILAAFMCSYDGATVDGNMSGQLVPTDVENC,AFP
QSADWMFRLNVYSPLKISPNCWEKETTKDPDC,AFP
RQHNFEPQFNEFFRSCRARRSNYNP,AFP
TIYNIAAKCSDYPKAGMFWLGYTREMIDFHHPFTRRLGRRMDMLCEMCIVAAGLPKYTCK,AFP
QMPGGPECIIHKMAIMLQWGMYKFVVVYNSLFSRYKGTAGYHWVHMRNHTMYRA,AFP
MMDAFDGLRVRHGWDQMQFYLLAETAKASFIFSE,AFP
CWETTIFQFDYCYAEGMIEVLQMSAFIEYSGLIRYITKPQCTPQWQIW,AFP
LPANITYTKWVRPDQGWPSYQGGWMCRCRNPA,AFP
PQGRDWNSLFHRRHEPTNGRKAQLITNRTLYQMSDCYQAYYATGWID,AFP
SWWDPNAWSQFYEGMNLDTFFRFKHTVD,AFP
AHLDSHCIVMADEEKDGKIQWCPSLSFPMKEVLTYGVAKEPRDCKITTRLVTVEFDMCLYHQETEWICFHNYMKFIQNATN,AFP
NGEAWEIRTKTLVNRTALYQWVDDFDNKWWELS,AFP
CVFPWSQYTECPDERDKSNQDPYLMQ,AFP
MVYCGGLMTFYECLCSQDCQSNSEIFWHEHIQSFNVALMFMGLDNMGGIIRNRWLTCPCEPCLIPSFCNMYMNHYAGR,AFP
KLITPSEETNSNDLLDQEYSFERLIAKSIDSYHRSTLGSGYRSKNH,AFP
VTQWMCPALLYPDNTTDTTIGESASLIDMAAR,AFP
AYPDDSSEMNAKDSCKNQKGEHCMFKWD,AFP
NHNNPIKPTFNLPCWNSTRNIEIPWEPVQREPCPIGTDDGFHGSVILNFWVPN,AFP
HICMLQIEPGWIEHKHLRTKINEGYPCYE,AFP
VHGDPPKWTENGTTYQYIWEEYVNSTWPNMILMKMPDLKMPAYIMLFCEKSHYNQDKQNAGHRQKHFVVWMIIKDYMFSKTMGAGQQSVFMQTKHQWFPIGTNQRYYVSIVWGKKH,AFP
GFVAHRWFTIFMDHRGQMCNMSPPVTTK,AFP
QLNGNDYRLGGLTECEASTPTGIEFVTRHQCFGGYAEDCKGMCMMNIWRKTI,AFP
ICNLRVVDFNCSMTCFMFVLSRMAGLTVTMLVAELCWGFHAIAARSYS,AFP
QDCRHDFVNNDFHDDQCGWTFEERSYQVAQRTIRKTHGPDWYCMFGMCLMNVLTAVWPTYPVMKTNQCSTLSHPFRSGCIILAMPFTIHMRKQGAITIKLWNYS,AFP
LSSIMTLDCYRYTLTNTHSNLIWVFHPA,AFP
CMWSLMLQAMNRFIYVSHKEQLKQDFYSHTLPPTEFWSIAKGSGPHFSMRVSKAMFMYKPEIRYVQVPLNTMMQECEYENDPEHSCPIAGGLYFTSAIAAGYTPEIYKEFGYRRQE,AFP
LLEKKQICYQTINTHPKERSEWWDMSAFYDSSIPEDDPYLCE,AFP
VENGKPWNHWQYHWEDWRMELPVECVTRTIYNRCTYCKTTGKWFHDDDSAAYYQCISKTVGKVPMTYQSNAIHDCNQIVRVSSQLRFDYMFVMTKSTGNWMYQGIH,AFP
PCQCQIFRNAACCAIGYRRFMPFTPHANEDQSMHDTNCEMKLNCDEYWNKTALPNQQIIQGNC,AFP
QHFSCMETAFVNFRHKWFEVTAQSWRKAVGVMHMCYPSFQQPKFKVCFFCWVCMGP,AFP
QTLINDHCPAQCGDYQLFDNSQNAYWRDYHCAAKSCIKDARYHSKQQAERVYSSGDCPIAYNGLP,AFP
HEGVMKTHMFRRPHTSIQTISEHYIRTIELEVYTVEMQRGTD,AFP
YNVMLARFMQLKCTAQCMTRDECWMDKLHLDPYLCMAIRKS,AFP
EWSQWYIKGEFLGSSWHCQDHDCRSAMMKPCVPMKDRK,AFP
LSFCTEYDVNGDERHFWISEAWGLCEGSA,AFP
HLCIIKQLLCGDATKAQYRYYSACFRVIYQRDVHEYDYHGLWRPNKYYYWLD,AFP
VHFTRMYLVWTYLSATSNATGRLWSM,AFP
HGFVFLMGMHFHPNWNHNDMGHQTFFEQR,AFP
VWRMQSQDNDCQMAMREIGENFWHPNVIPYPP,AFP
MERMAESLMCVICIINCLSQRYEKGHPTESQAPAIPINSQDMPINPDSTVMHSRWECFPDIFKFTRTMQYLKHNHCMEG,AFP
TIPSACMTCPRGTHPRTWSPDSLDHLEVFK,AFP
FKAAMYWDFYYIGTCIGVVSQWWWFM,AFP
SYLKSVDCTPPREVQGNIHWKQACFVAHKPVHCTQFPEPYEYWWACP,AFP
QMIGRAGSCEFAYWCEVEPRSMVVQANSSGVNGLHIEVNLGYRYARWQDKDSIDSVVNRLLYDVVYYLPQLGEFFTYEKHNEE,AFP
HLTMGYVQCRIACKMNRNLRYCPRQFMTGLFRVGQHSQENVWLNIRHPMWFPRLAKHQQGKDQAMPGKWEAQHIGSPAVPVYHHAGHMFERMKTCCCPSYKIMMVNHYYYV,AFP
CHNYAFANYKRRAHDGCWEDLSEYMPYLEIPLVLSMLTQSLHYNIF,AFP
KTGIIWTLGWHRFFVTGGQHFRTLRRCPWNDTGAADYVPIRGQDHKTNPEQPNFVV,AFP
MCCKHWEFTNCSAIGLPTTNNEIFDWATQLVMQFNKPGVWSNMAHLMGTWTMSIYLWFK,AFP
PLQDDDLWKDGKHRPAERGTQNRIHIYPT,AFP
GKWIVNARWNNLTVQKFFGDLMDRHWCPN,AFP
GPRNGISAKMNEQDQWPGQCYVESSHKTDYYNPMLYASWNALIDQWATMLMAMQEQCPH,AFP
FFALSTIEYLPHNADLDHFTWFLIICSRLE,AFP
DERPKGQGSSSTYHMCSPMGRPEPICHNPKQSDSCGQATVH,AFP
TWWNTSMCLGWAPKMGLYKSLTQAWYFISEFQTLKDNHHPRLHNDDW,AFP
YYLLNLKRAYQGNSDKRSLSDHLDVAHKRDPQN,AFP
EDWGMSWLISWVKWDWYEWLCLRTVTDREMSFR,AFP
QDFPRHVFILAEVCDHREMRHVTLQ,AFP
KAWISRTLVIAFGFVESHCFILKLWETLGVCTHTDVVMLPTLIGCQKPMS,AFP
VCDNHLMDDVTSRLSSKFKIQSPNHLGGKR,AFP
KYEPMTPWHDYVGWDRILRTHPHMP,AFP
HVNGPQPRTMMKVGPNYKNYRFNSKMFRTGNIGHWIEHPVNQNDL,AFP
YCGFFSIDGKVFKHKPCRNCASLICIREMRY,AFP
IFDHKVNFESVPFFDGSNVSEYRFQSFMST,AFP
ARDIFEEYTRGIGWMYEFNVMPQCRDHASQCQWYHMHLCSQ,AFP
QEQKYVSDWARGVIQNCSFAKHPRNVVCPT,AFP
EAVNHWPIPSFSGTGIKMLFDFLRSALGDPEFMTTF,AFP
NYTRFKDWQKREPEYVKFRTLHSHPEEEEYMIWIQWEFWSNLVWFHRMMH,AFP
EDYGTQNQMAGFPLKKPWDSGWNYDSCCECFVDV,AFP
MEGCTGCIQCPAMRKCGGAMFLTQSRPAT,AFP
HAWMCCWDLRLGTSYTDYTVKSARHRW,AFP
ELWKTKYGEVCWHSRFRGQMDWEYCEGNSEWEWHKRNQWIPFDVIPNALANELEDQNQPWMLFRVGCWPVCETAFVNNPDMIWFNQSRGMWDLCIVPWQLRK,AFP
FAKRWFQKYHIPNFVLIAMKLTNSTSKF,AFP
QVFVVGDFHEGWVCKQYSPYYNCHIINRDTMLYVCEETNFYL,AFP
MAWKERVTALMKWQFWLEHTDPIHETAEYADMQGCYAWEKMYLPFHR,AFP
SPGWLDRAMVSCKQTPTQHDNWAEPCHWLATSVSNGYPQIQDYQVGRNFIQAYYCYS,AFP
SAVNCDKGKDANHVQCWIGINTCKPQDC,AFP
HKDMVSPCTRQWFWTHPNYNMARGICGITPRATVHQIKKMSCLWIPV,AFP
TFPKVGRQKVYLCHFLHMGCPESAMV,AFP
RVKTLVQCQELQKKHFQTCFWNKTMQ,AFP
NCYKMMTEMPFFIHVDLKPTNQECHCVYHWDPINEGQIKMYWNLRILDQLLAFLGFRYMNEVGGVSIRCIRPSQYMDQPWPEALNHDNS,AFP
KRHSPRWPKPPMVKTQWHFSKTGWDVTEVHNVECPFEKKKVMTTEACEVMTQPHWEFTCMHGSKYMSENTCPRRKVELM,AFP
IHKFQMAYQECICDEFGTDGWTVRPHWYFGTHDL,AFP
NHVMFCKSRRIQFNSKIFKNRQMKTCHCHYYVKGQYTTITSR,AFP
GYPCLSDKMLTPKCCHHYDWKSFQDMKMYSCHTLKTAHIARYEA,AFP
FTVRMHAHTLGPPVQDMVDGRALRWGREFM,AFP
LQRWAHVHQPSMMDKCFRYRCPFQHAPMICQVSLHG,AFP
SCMAKACCEQPVLMVGEFVRLAAEL,AFP
TEKVAHNQKFKYSSMGANHTMASIHLCQMQSCF,AFP
YPHSVRSLTDHMIVHKITSIESRYTIESYKQHLWRFEEAYS,AFP
HSMMPQVMESPHETAVQWADDHGKDCSLLQYVMFSWHCRIRVP,AFP
YGDRMTGTYAHCYKRNDLEIHAMLKDNYFEPKVMSFVCRWYVHADGKLSRHHTMMC,AFP
AFFGMIHKCYGLPRFRGENSDGHNWEEQ,AFP
WKLVKRRVKERWSYKSVVFTMCKWLDQYYRYYD,AFP
HTDSNCCFPEDSECFFCPLLFYWLNCNQHLQFDSGESGELLGERILNFMTHNPH,AFP
HASVPKMKWCSHNMIREICKLAMFCA,AFP
DDSHNISMKRPTFRVDDNKFWSIKFYMKINEDCEGCLFRYYYDTLTDDQARQVRCQGFGKNPIEIDSCERIASCERYFPIVNFRDWRMIVNTEKDLWWSWANW,AFP
LHQYAPQAQTPEYLTLYCDDMVLQDV,AFP
NGIEKPMMNTQVNVGSEQFENEIHCGNAFNDRSIAHR,AFP
VNSEAPMDNHMRLSKKLKTAEDCTNA,AFP
QRNLQSNEVQWCCHWSAMHMLFWHGMFRYLWDRGL,AFP
FMRGLLPAHSPIGDYNWVPHRTWNLEDNWFFWFIHAVMTAQFIYCC,AFP
WWCIVLPEALYVYCNVTWTTCGCSYKVFMLMHRIARERIITVHIMKADRGESFPGIYYQPPEHFALMEMSCFSKHI,AFP
DYENYCQQAKDTECRWYSIFCEQLASKVKCVEWRIFVYAYGCPNLYILW,AFP
VMEMWADMSHMQWDRLFLWERMANRHWHHTSWSTVNKH,AFP
LWMFQETSKYIHSTLEVENYPIVPPTEANYMPYPRRNNCTVPCTRIPNKEPAMPKFGDDPECTGHDGERY,AFP
MFLQSQMEQDLQCWQLSPMHCWWGNFMNKQLPDWPEVPTPRAIINPDFM,AFP
IGNEQVSQKDHALGFPKEFDGTVGFSQGETWVGYEFYRPNESSINMITYDHNKATLD,AFP
NEDQTLLQPERRAWNYQLMGMKWLKNFLQHVFIVWRQVLHQIWVDRWSKQNFNGDTNDPNMMIENEHAIHVRQYHVQDMIWYD,AFP
NNSSIHWNYVYCNTITVEKCMFTDTAWCEDDHMERPQPCVDTDWMMPWRAWGHGSPFGPTGTFAVD,AFP
AYDIQIFDHMMVEFLMNWYITHGHEPTISNLHLWQRNLMG,AFP
KSVGPYETGWGFCGRPSVALSRWAATCRRIMFAF,AFP
ASDELLSPMMICFFPCDRVNEDDTVMFCYG,AFP
QWFYDPPTFGKHVIPHGKDSVFMEYLSYMKEDDSIQEVRCMGGIDERREADWYIQRSQAWKDCQYAPDIYHTGSNRQCYLEWWGKQRQGPVTHPAHPRVILRCTNVEGWI,AFP
EPNATKDYHRDKMLHNCAWNYGLAKIPHSRMYWSQVAQP,AFP
SWKEVVIIRGDWMRMKMYDPIFSLRFIDNEGKNCM,AFP
TQHYLPQGWVFWLYKTNASHFQMQQCAQAKVIVI,AFP
AYMNHRQRWLQQHRKAIYAFIPVIYVARQLKLHTKLFLKLELTFKHNGGL,AFP
TKIVDMTLGGTANQNHTTCQKDGATGLYHMWH,AFP
IACLSFMDDDDEQLFGYQWMGSMVGK,AFP
LLHYHWAITNHCVLRWWPLHMESMNFTAHAEWDGVEWRI,AFP
DINRSTKVTHDPDDCKPNQTRFMMRWCFYHTLIDSNGNHAWRVRSQVSSKCNTCVFVMKKHVYNQPLMRENNNLIYYFKSWGD,AFP
TTDSQPDAVDNRSAKHIAKWLHYQSWFGCCECCEWDIWYRGAAMEIAFYVHVWDHRVHDVRDGKFRIWRLG,AFP
MSLNIIIPQKLNGDASKNHMTAYHF,AFP
VLSGSSADFRRMMDWLMEKRFQCHLSCAFAEELED,AFP
IDFSQDLWCAGNPGNWDRMKTANDLLIMHNVRCAA,AFP
LYGRNLPKCGQREWTEEIYGKGVQYKDKGGINCRKRYVMRDMCCGEPAMCGYTHDE,AFP
AKITFMCGTLSPQISTYEASCGFQTAPFFGKATMHNINCEDSEMMFHTKWTASVVRVFKNVRHCIVF,AFP
LYNSALYRYCQLCAFFLNYATCMCCNSMERLVEPVMERVNVEKICTERMCEYLDGKTIHQYKRK,AFP
FPNDRCTINREVAKKKPLAHGGWYFY,AFP
HQKTGWMQAPTCRHYSFCMTRCPQRINWMF,AFP
MACNNILACWNKCNTVWAGSDIYMHITCADPTDPNYADKVTKHPLITQKLKHVPGDDEKMWSGL,AFP
SSRRHYQGYSKFMMKWQPRVDNQHRCALSDFVYKVTTCN,AFP
WAMCNIMHGYEKWCKAGPKVERRTPPEEYFAAH,AFP
AKRINWRTVGAPAVNVYFYDFSPVKRVWKIMLDDRARFGVMQDPMHHSHTHQL,AFP
DQFLNHPFWSHHCQPEAKNEFIHSLQAQ,AFP
KNFVTQKSVHKMFETKDRPEAIVDTCDGC,AFP
TALIEEYVMCPFVYRETLTISQDGANM,AFP
VRSITQPCMRYFKMNVSTIWIMCNDNRMTACMWAWIADTWWDVSQKAMNNINMQWRD,AFP
MYATMVLWWCMCGVYMTWCHCGWTYFPQYWFLTMQHIT,AFP
NGDLWSKNVATTWQQQVVEQFMNKPIHIAAPHMGPP,AFP
CQQYVCHFIESCFIYWDFGWLCYRLL,AFP
TDAVRQIKGLGHYLANEVRCFWPGAELTAPLTCW,AFP
WAESQDWIDETAIFSLHQFEDFLASLGWHFKWPQYSLWPNWLY,AFP
QPNHAQHEMGEYMIKDPRMSWIVQCI,AFP
KCGFKRIFLCIFELHTTPNVSFYSDGLYAFMESREPNWIRTCV,AFP
FYPPYLKFEQPRLAPTRWMQHGRCTQSLNEYGGAMRFFDFPKTWFFCPRWDYAKKMYIDGWCKGCVGLLYPQERLI,AFP
GIEVPDFMSYVFWYEQTHYHIKDYQFTL,AFP
LVFHCDHKKIMALLCQPLQKCYIVHIHMAKIYIWL,AFP
TPTYWHKQWLYMYTNVMLETAWSPTFWADFEAMGWVCQCTKPPSYETTANDQDHVCMITLYKKTVVPTRHFVGTLTGERCIRMFLP,AFP
EEVQMDWMHFVSKHIMAYLHPFHRPE,AFP
VLIQRRLDREWRTGDPSKIWLRQVRHMREATIPKRAHNLWESIKEHSPFPGHFNIYQEVQEFFTFNPSHTCGMIMG,AFP
WGTWFPNRVSVPQLMMNYCTTCRSEPVLQP,AFP
RQFHIYGKDASDGTIMMSLNNVFLVMGHCNWACEMTA,AFP
SPPVCKKKAALYRAIYVWTRFEWYEIRIRMDDLNHKEFD,AFP
FWPSVLMQAVTIQWRPMSKYEEMHRHNQITISHGPIIGHPLQLFHRENKLDVFINGYMPN,AFP
THITTRYLWWHYVGVSRHFNFNMWIDQEKPL,AFP
KFRLPQEMSFHQPFNLTGEDYAPDAPDYHRLHRRFYVDQPPSCSR,AFP
ADVYEQWNNESSSLHPRPATSMADENQHMREMIK,AFP
IWPEDMPPDYVDFQCGVTSDTVIMHLSFRISADLIYKRAHPHVMPWFKPNW,AFP
RCFRFVKIFANMEFPIRYRDVCCLHPTKP,AFP
WRNVLLNVEWDTCLPACSDVMLWREVLRTMPNYHFYSFRGSLTS,AFP
DMEKQIGKSVQYHIEGRNVPLVWKLHEHTECWHDGFMVKQYNPDMKIMPL,AFP
DPWDCFFLAALIRRNMGHDSMFWDGW,AFP
FPWGSHTAPLVARCVTHQHALWQEGICHYHGSGDDRMLGPWWWLLH,AFP
HSIPWIHCLDDNTAIQKLAHADNHPAEECPGNTNTFHLWLELPHALMWQAEMVIMVHCWPWIKKGRHGQM,AFP
EYQWMFSCPKQAGLERPKEYSHSVYDHY,AFP
MYMAPEWSCWEGTFKGMKRVGFGFSSKWD,AFP
GLLCASHYMLRDTLKTQPCEKIMYRTLQQMP,AFP
